-- --------------------------------------------------------
-- Hôte :                        127.0.0.1
-- Version du serveur:           8.0.21 - MySQL Community Server - GPL
-- SE du serveur:                Win64
-- HeidiSQL Version:             11.0.0.5919
-- --------------------------------------------------------

/*!40101 SET @OLD_CHARACTER_SET_CLIENT=@@CHARACTER_SET_CLIENT */;
/*!40101 SET NAMES utf8 */;
/*!50503 SET NAMES utf8mb4 */;
/*!40014 SET @OLD_FOREIGN_KEY_CHECKS=@@FOREIGN_KEY_CHECKS, FOREIGN_KEY_CHECKS=0 */;
/*!40101 SET @OLD_SQL_MODE=@@SQL_MODE, SQL_MODE='NO_AUTO_VALUE_ON_ZERO' */;

-- Listage de la structure de la table croixrouge2021. affection
CREATE TABLE IF NOT EXISTS `affection` (
  `idaffection` int NOT NULL AUTO_INCREMENT,
  `affection_libelle` varchar(150) DEFAULT NULL,
  PRIMARY KEY (`idaffection`)
) ENGINE=InnoDB AUTO_INCREMENT=4 DEFAULT CHARSET=utf8;

-- Listage des données de la table croixrouge2021.affection : ~3 rows (environ)
/*!40000 ALTER TABLE `affection` DISABLE KEYS */;
REPLACE INTO `affection` (`idaffection`, `affection_libelle`) VALUES
	(1, 'SIDA'),
	(2, 'ZONA'),
	(3, 'TUBERCULOSE');
/*!40000 ALTER TABLE `affection` ENABLE KEYS */;

-- Listage de la structure de la table croixrouge2021. categoriepermis
CREATE TABLE IF NOT EXISTS `categoriepermis` (
  `idCategorie` int NOT NULL AUTO_INCREMENT,
  `categorie_libelle` longtext,
  PRIMARY KEY (`idCategorie`)
) ENGINE=InnoDB AUTO_INCREMENT=7 DEFAULT CHARSET=utf8;

-- Listage des données de la table croixrouge2021.categoriepermis : ~6 rows (environ)
/*!40000 ALTER TABLE `categoriepermis` DISABLE KEYS */;
REPLACE INTO `categoriepermis` (`idCategorie`, `categorie_libelle`) VALUES
	(1, 'A'),
	(2, 'B'),
	(3, 'C'),
	(4, 'D'),
	(5, 'E'),
	(6, 'F');
/*!40000 ALTER TABLE `categoriepermis` ENABLE KEYS */;

-- Listage de la structure de la table croixrouge2021. comite
CREATE TABLE IF NOT EXISTS `comite` (
  `idcomite` int NOT NULL AUTO_INCREMENT,
  `comite_libelle` varchar(150) DEFAULT NULL,
  `comite_code` varchar(150) DEFAULT NULL,
  `comite_ville` int DEFAULT NULL,
  `comite_commune` int DEFAULT NULL,
  `activeLimite` enum('OUI','NON') CHARACTER SET utf8 COLLATE utf8_general_ci DEFAULT 'NON',
  `comiteNbreLimite` int DEFAULT NULL,
  `created_at` datetime DEFAULT NULL,
  `updated_at` datetime DEFAULT NULL,
  PRIMARY KEY (`idcomite`),
  UNIQUE KEY `comite_libelle` (`comite_libelle`),
  KEY `FK_comite_villes` (`comite_ville`),
  KEY `FK_comite_commune` (`comite_commune`),
  CONSTRAINT `FK_comite_commune` FOREIGN KEY (`comite_commune`) REFERENCES `commune` (`idcommune`) ON UPDATE CASCADE,
  CONSTRAINT `FK_comite_villes` FOREIGN KEY (`comite_ville`) REFERENCES `villes` (`VIL_IDENTIFIANT`) ON UPDATE CASCADE
) ENGINE=InnoDB AUTO_INCREMENT=85 DEFAULT CHARSET=utf8;

-- Listage des données de la table croixrouge2021.comite : ~73 rows (environ)
/*!40000 ALTER TABLE `comite` DISABLE KEYS */;
REPLACE INTO `comite` (`idcomite`, `comite_libelle`, `comite_code`, `comite_ville`, `comite_commune`, `activeLimite`, `comiteNbreLimite`, `created_at`, `updated_at`) VALUES
	(1, 'ASSINI MAFIA', NULL, NULL, NULL, NULL, NULL, NULL, NULL),
	(2, 'ATTECOUBE', NULL, NULL, NULL, NULL, NULL, NULL, NULL),
	(3, 'BOUNA', NULL, NULL, NULL, NULL, NULL, NULL, NULL),
	(4, 'ISSIA', NULL, NULL, NULL, NULL, NULL, NULL, NULL),
	(5, 'KOUIBLY', NULL, NULL, NULL, NULL, NULL, NULL, NULL),
	(6, 'MINIGNAN', NULL, NULL, NULL, NULL, NULL, NULL, NULL),
	(7, 'NOE', NULL, NULL, NULL, NULL, NULL, NULL, NULL),
	(8, 'PEHE', NULL, NULL, NULL, NULL, NULL, NULL, NULL),
	(9, 'SASSANDRA', NULL, NULL, NULL, NULL, NULL, NULL, NULL),
	(10, 'SEMIEN', NULL, NULL, NULL, NULL, NULL, NULL, NULL),
	(11, 'SONGON', NULL, NULL, NULL, NULL, NULL, NULL, NULL),
	(12, 'ZAGNE', NULL, NULL, NULL, NULL, NULL, NULL, NULL),
	(13, 'ZOUKOUGBEU', NULL, NULL, NULL, NULL, NULL, NULL, NULL),
	(14, 'ABENGOUROU', NULL, NULL, NULL, NULL, NULL, NULL, NULL),
	(15, 'ABOBO', NULL, NULL, NULL, NULL, NULL, NULL, NULL),
	(16, 'ABOISSO', NULL, NULL, NULL, NULL, NULL, NULL, NULL),
	(17, 'ANYAMA', NULL, NULL, NULL, NULL, NULL, NULL, NULL),
	(19, 'BOUNDIALI', NULL, NULL, NULL, NULL, NULL, NULL, NULL),
	(20, 'DUEKOUE', NULL, NULL, NULL, NULL, NULL, NULL, NULL),
	(21, 'GRABO', NULL, NULL, NULL, NULL, NULL, NULL, NULL),
	(22, 'LAKOTA', NULL, NULL, NULL, NULL, NULL, NULL, NULL),
	(23, 'MAN', NULL, NULL, NULL, NULL, NULL, NULL, NULL),
	(24, 'TABOU', NULL, NULL, NULL, NULL, NULL, NULL, NULL),
	(25, 'TIASSALE', NULL, NULL, NULL, NULL, NULL, NULL, NULL),
	(27, 'AGBOVILLE', NULL, NULL, NULL, NULL, NULL, NULL, NULL),
	(28, 'ALEPE', NULL, NULL, NULL, NULL, NULL, NULL, NULL),
	(29, 'AYAME', NULL, NULL, NULL, NULL, NULL, NULL, NULL),
	(30, 'BIN-HOUYE', NULL, NULL, NULL, NULL, NULL, NULL, NULL),
	(31, 'BLOLEQUIN', NULL, NULL, NULL, NULL, NULL, NULL, NULL),
	(32, 'BONGOUANOU', NULL, NULL, NULL, NULL, NULL, NULL, NULL),
	(33, 'BOUAFLE', NULL, NULL, NULL, NULL, NULL, NULL, NULL),
	(34, 'BOUAKE', NULL, NULL, NULL, NULL, NULL, NULL, NULL),
	(35, 'COCODY', NULL, NULL, NULL, NULL, NULL, NULL, NULL),
	(36, 'DABOU', NULL, NULL, NULL, NULL, NULL, NULL, NULL),
	(37, 'DALOA', NULL, NULL, NULL, NULL, NULL, NULL, NULL),
	(38, 'DANANE', NULL, NULL, NULL, NULL, NULL, NULL, NULL),
	(39, 'DIMBOKRO', NULL, NULL, NULL, NULL, NULL, NULL, NULL),
	(40, 'DIVO', NULL, NULL, NULL, NULL, NULL, NULL, NULL),
	(43, 'GRAND -LAHOU', NULL, NULL, NULL, NULL, NULL, NULL, NULL),
	(44, 'GRAND-BASSAM', NULL, NULL, NULL, NULL, NULL, NULL, NULL),
	(45, 'GUIBEROUA', NULL, NULL, NULL, NULL, NULL, NULL, NULL),
	(46, 'GUIGLO', NULL, NULL, NULL, NULL, NULL, NULL, NULL),
	(47, 'JACQUEVILLE', NULL, NULL, NULL, NULL, NULL, NULL, NULL),
	(48, 'KORHOGO', NULL, NULL, NULL, NULL, NULL, NULL, NULL),
	(49, 'KOUMASSI', NULL, NULL, NULL, NULL, NULL, NULL, NULL),
	(50, 'ODIENNE', NULL, NULL, NULL, NULL, NULL, NULL, NULL),
	(51, 'OUME', NULL, NULL, NULL, NULL, NULL, NULL, NULL),
	(52, 'PORT -BOUET', NULL, NULL, NULL, NULL, NULL, NULL, NULL),
	(53, 'SAN-PEDRO', NULL, NULL, NULL, NULL, NULL, NULL, NULL),
	(54, 'SIPILOU', NULL, NULL, NULL, NULL, NULL, NULL, NULL),
	(55, 'SOUBRE', NULL, NULL, NULL, NULL, NULL, NULL, NULL),
	(56, 'TAABO', NULL, NULL, NULL, NULL, NULL, NULL, NULL),
	(57, 'TAI', NULL, NULL, NULL, NULL, NULL, NULL, NULL),
	(58, 'TOULEPLEU', NULL, NULL, NULL, NULL, NULL, NULL, NULL),
	(59, 'TOUMODI', NULL, NULL, NULL, NULL, NULL, NULL, NULL),
	(61, 'YAMOUSSOUKRO', NULL, NULL, NULL, NULL, NULL, NULL, NULL),
	(62, 'YOPOUGON', NULL, NULL, NULL, NULL, NULL, NULL, NULL),
	(63, 'ZOUAN -HOUNIEN', NULL, NULL, NULL, NULL, NULL, NULL, NULL),
	(64, 'BIA', NULL, 3, 24, NULL, NULL, '2020-04-26 12:49:14', '2020-04-26 12:49:14'),
	(65, 'ADJAME', NULL, 1, 2, NULL, NULL, '2020-04-26 12:53:51', '2020-04-26 12:53:51'),
	(66, 'TREICHVILLE', NULL, 1, 12, NULL, NULL, '2020-04-26 13:00:05', '2020-04-26 13:00:05'),
	(70, 'BONDOUKOU', NULL, 1014, 1035, NULL, NULL, '2020-04-26 14:07:54', '2020-04-26 14:07:54'),
	(71, 'GAGNOA', NULL, 229, 250, NULL, NULL, '2020-04-26 14:47:47', '2020-04-26 14:47:47'),
	(72, 'KOTRO', NULL, 317, 338, NULL, NULL, '2020-04-26 15:00:04', '2020-04-26 15:00:04'),
	(73, 'LARABIA', NULL, 400, 421, NULL, NULL, '2020-04-26 15:09:36', '2020-04-26 15:09:36'),
	(74, 'GLONGOUIN', NULL, 258, 279, NULL, NULL, '2020-04-26 15:13:20', '2020-04-26 15:13:20'),
	(75, 'SAIOUA', NULL, 511, 532, NULL, NULL, '2020-04-26 19:36:58', '2020-04-26 19:36:58'),
	(76, 'FERKESSEDOUGOU', NULL, 1207, 1228, NULL, NULL, '2020-04-26 19:45:04', '2020-04-26 19:45:04'),
	(77, 'TINGRELA', NULL, 1140, 1161, NULL, NULL, '2020-04-27 06:04:32', '2020-04-27 06:04:32'),
	(78, 'YROZON', NULL, 610, 631, NULL, NULL, '2020-08-21 12:52:09', '2020-08-21 12:52:09'),
	(79, 'BINGERVILLE', NULL, 4, 5, NULL, NULL, '2020-10-01 10:01:31', '2020-10-01 10:01:32'),
	(80, 'CL ABENGOUROU', 'C34', 2, 23, NULL, NULL, '2020-12-10 07:31:29', '2020-12-10 07:31:29'),
	(81, 'comité de tingrela', 'C54', 1, 150, NULL, NULL, '2021-06-17 14:36:24', '2021-06-17 14:36:24'),
	(84, 'comite Assinie', 'C34', 63, 84, 'OUI', 96, '2021-06-17 15:01:11', '2021-06-17 15:01:11');
/*!40000 ALTER TABLE `comite` ENABLE KEYS */;

-- Listage de la structure de la table croixrouge2021. comite_has_personne
CREATE TABLE IF NOT EXISTS `comite_has_personne` (
  `idComitePersonne` int NOT NULL AUTO_INCREMENT,
  `comite_idcomite` int NOT NULL,
  `personneImmat` varchar(150) NOT NULL DEFAULT '',
  `comite_date_ENTREE` date NOT NULL,
  `comite_date_SORTIE` date DEFAULT NULL,
  `comite_topActuel` int DEFAULT '1' COMMENT 'la colunne qui permet de savoir si c''est le comité actuel. \n1 pour actuel \n0 sinon',
  PRIMARY KEY (`comite_idcomite`,`personneImmat`),
  KEY `fk_comite_has_personne_personne1_idx` (`personneImmat`),
  KEY `fk_comite_has_personne_comite1_idx` (`comite_idcomite`),
  KEY `idComitePersonne` (`idComitePersonne`),
  CONSTRAINT `fk_comite_has_personne_comite1` FOREIGN KEY (`comite_idcomite`) REFERENCES `comite` (`idcomite`),
  CONSTRAINT `FK_comite_has_personne_personne` FOREIGN KEY (`personneImmat`) REFERENCES `personne` (`personne_immat`)
) ENGINE=InnoDB DEFAULT CHARSET=utf8;

-- Listage des données de la table croixrouge2021.comite_has_personne : ~0 rows (environ)
/*!40000 ALTER TABLE `comite_has_personne` DISABLE KEYS */;
/*!40000 ALTER TABLE `comite_has_personne` ENABLE KEYS */;

-- Listage de la structure de la table croixrouge2021. commune
CREATE TABLE IF NOT EXISTS `commune` (
  `idcommune` int NOT NULL AUTO_INCREMENT,
  `commune_libelle` varchar(500) DEFAULT NULL,
  `PAYS_CODE` varchar(50) DEFAULT NULL,
  `VIL_IDENTIFIANT` int DEFAULT NULL,
  `communeTopVigueur` int DEFAULT NULL,
  PRIMARY KEY (`idcommune`),
  KEY `idcommune` (`idcommune`),
  KEY `FK_commune_villes` (`VIL_IDENTIFIANT`),
  CONSTRAINT `FK_commune_villes` FOREIGN KEY (`VIL_IDENTIFIANT`) REFERENCES `villes` (`VIL_IDENTIFIANT`) ON UPDATE CASCADE
) ENGINE=InnoDB AUTO_INCREMENT=1264 DEFAULT CHARSET=utf8;

-- Listage des données de la table croixrouge2021.commune : ~1 263 rows (environ)
/*!40000 ALTER TABLE `commune` DISABLE KEYS */;
REPLACE INTO `commune` (`idcommune`, `commune_libelle`, `PAYS_CODE`, `VIL_IDENTIFIANT`, `communeTopVigueur`) VALUES
	(0, 'AUTRE COMMUNE', 'CIV', 1, 0),
	(1, 'Abobo', 'CIV', 1, 0),
	(2, 'Adjamé', 'CIV', 1, 0),
	(3, 'Anyama', 'CIV', 1, 0),
	(4, 'Attécoubé', 'CIV', 1, 0),
	(5, 'Bingerville', 'CIV', 1, 0),
	(6, 'Cocody', 'CIV', 1, 0),
	(7, 'Koumassi', 'CIV', 1, 0),
	(8, 'Marcory', 'CIV', 1, 0),
	(9, 'Plateau', 'CIV', 1, 0),
	(10, 'Port-bouet', 'CIV', 1, 0),
	(11, 'Songon', 'CIV', 1, 0),
	(12, 'Treichville', 'CIV', 1, 0),
	(13, 'Yopougon', 'CIV', 1, 0),
	(14, 'Eloka', 'CIV', 1, 0),
	(15, 'Abadjin', 'CIV', 1, 0),
	(16, 'Brofodoumé', 'CIV', 1, 0),
	(17, 'Atchékoi', 'CIV', 1, 0),
	(18, 'Akoupé-Zeudji', 'CIV', 1, 0),
	(19, 'M’pody', 'CIV', 1, 0),
	(20, 'M\'Bonoua', 'CIV', 1, 0),
	(21, 'kossihouen', 'CIV', 1, 0),
	(22, 'Attinguié', 'CIV', 1, 0),
	(23, 'Abengourou', 'CIV', 2, 0),
	(24, 'Abiaty', 'CIV', 3, 0),
	(25, 'Abié', 'CIV', 4, 0),
	(26, 'Aboisso', 'CIV', 5, 0),
	(27, 'Aboisso-Comoé', 'CIV', 6, 0),
	(28, 'Abongoua', 'CIV', 7, 0),
	(29, 'Aboudé', 'CIV', 8, 0),
	(30, 'Aboulié', 'CIV', 9, 0),
	(31, 'Abraco', 'CIV', 10, 0),
	(32, 'Abradinou', 'CIV', 11, 0),
	(33, 'Abronamoué', 'CIV', 12, 0),
	(34, 'Aby', 'CIV', 13, 0),
	(35, 'Adahidoukou', 'CIV', 14, 0),
	(36, 'Adaou', 'CIV', 15, 0),
	(37, 'Addah', 'CIV', 16, 0),
	(38, 'Adessé', 'CIV', 17, 0),
	(39, 'Adiaké', 'CIV', 18, 0),
	(40, 'Adjaméné', 'CIV', 19, 0),
	(41, 'Adjouan', 'CIV', 20, 0),
	(42, 'Adzopé', 'CIV', 21, 0),
	(43, 'Affalikro', 'CIV', 22, 0),
	(44, 'Afféry', 'CIV', 23, 0),
	(45, 'Affiénou', 'CIV', 24, 0),
	(46, 'Agbaou-Ahéoua', 'CIV', 25, 0),
	(47, 'Agboville', 'CIV', 26, 0),
	(48, 'Agnibilekro', 'CIV', 27, 0),
	(49, 'Agou', 'CIV', 28, 0),
	(50, 'Ahigbé-Koffikro', 'CIV', 29, 0),
	(51, 'Ahouabo-Bouapé', 'CIV', 30, 0),
	(52, 'ahouakro', 'CIV', 31, 0),
	(53, 'Ahouanou', 'CIV', 32, 0),
	(54, 'Ahua', 'CIV', 33, 0),
	(55, 'Akabia', 'CIV', 34, 0),
	(56, 'Akoboissué', 'CIV', 35, 0),
	(57, 'Akounougbè', 'CIV', 36, 0),
	(58, 'Akoupé', 'CIV', 37, 0),
	(59, 'Akouré', 'CIV', 38, 0),
	(60, 'Akradio', 'CIV', 39, 0),
	(61, 'Akréssi', 'CIV', 40, 0),
	(62, 'Akridou-Laddé', 'CIV', 41, 0),
	(63, 'Alépé', 'CIV', 42, 0),
	(64, 'Alosso', 'CIV', 43, 0),
	(65, 'Amanikro', 'CIV', 44, 0),
	(66, 'Amélékia', 'CIV', 45, 0),
	(67, 'AmianKouassikro', 'CIV', 46, 0),
	(68, 'Amoriakro', 'CIV', 47, 0),
	(69, 'Ananguié', 'CIV', 48, 0),
	(70, 'Ananguié', 'CIV', 49, 0),
	(71, 'Ancien Proz', 'CIV', 50, 0),
	(72, 'Ancien Prozi', 'CIV', 51, 0),
	(73, 'Andou M’batto', 'CIV', 52, 0),
	(74, 'Angovia', 'CIV', 53, 0),
	(75, 'Aniansué', 'CIV', 54, 0),
	(76, 'Annépé', 'CIV', 55, 0),
	(77, 'Anno', 'CIV', 56, 0),
	(78, 'Appoisso', 'CIV', 57, 0),
	(79, 'Appouasso', 'CIV', 58, 0),
	(80, 'Apprompron-Afèwa', 'CIV', 59, 0),
	(81, 'Apprompronou', 'CIV', 60, 0),
	(82, 'Arokpa', 'CIV', 61, 0),
	(83, 'Assikoi', 'CIV', 62, 0),
	(84, 'Assinie-Mafia', 'CIV', 63, 0),
	(85, 'Assomlan', 'CIV', 64, 0),
	(86, 'Assouba', 'CIV', 65, 0),
	(87, 'Assouindé', 'CIV', 66, 0),
	(88, 'Attiékro', 'CIV', 67, 0),
	(89, 'Attiguéhi', 'CIV', 68, 0),
	(90, 'Attobrou', 'CIV', 69, 0),
	(91, 'Attoutou A', 'CIV', 70, 0),
	(92, 'Ayamé', 'CIV', 71, 0),
	(93, 'Ayénouan', 'CIV', 72, 0),
	(94, 'Azaguié', 'CIV', 73, 0),
	(95, 'Bacanda', 'CIV', 74, 0),
	(96, 'Bacon', 'CIV', 75, 0),
	(97, 'Bagohouo', 'CIV', 76, 0),
	(98, 'Bahé Sebon', 'CIV', 77, 0),
	(99, 'Bahoulifla', 'CIV', 78, 0),
	(100, 'Bakanou A', 'CIV', 79, 0),
	(101, 'Bakoubly', 'CIV', 80, 0),
	(102, 'Balokuya', 'CIV', 81, 0),
	(103, 'Bandiahi', 'CIV', 82, 0),
	(104, 'Bangolo', 'CIV', 83, 0),
	(105, 'Bangoua', 'CIV', 84, 0),
	(106, 'Banneu', 'CIV', 85, 0),
	(107, 'Bannonfla', 'CIV', 86, 0),
	(108, 'Bayota', 'CIV', 87, 0),
	(109, 'Bazra-Nattis', 'CIV', 88, 0),
	(110, 'Bazré', 'CIV', 89, 0),
	(111, 'Bécédi-Brignan', 'CIV', 90, 0),
	(112, 'Bécouéfin', 'CIV', 91, 0),
	(113, 'Bédiala', 'CIV', 92, 0),
	(114, 'Bédi-Goazo', 'CIV', 93, 0),
	(115, 'Bégbessou', 'CIV', 94, 0),
	(116, 'Belleville', 'CIV', 95, 0),
	(117, 'Béoué', 'CIV', 96, 0),
	(118, 'Béoué-Zibiao', 'CIV', 97, 0),
	(119, 'Béttié', 'CIV', 98, 0),
	(120, 'Biakalé', 'CIV', 99, 0),
	(121, 'Biankouma', 'CIV', 100, 0),
	(122, 'Bianouan', 'CIV', 101, 0),
	(123, 'Biasso', 'CIV', 102, 0),
	(124, 'Biéby', 'CIV', 103, 0),
	(125, 'Biélé', 'CIV', 104, 0),
	(126, 'Bin-Houyé', 'CIV', 105, 0),
	(127, 'Binzra', 'CIV', 106, 0),
	(128, 'Bla', 'CIV', 107, 0),
	(129, 'Blahou', 'CIV', 108, 0),
	(130, 'Blanfla', 'CIV', 109, 0),
	(131, 'Blapleu', 'CIV', 110, 0),
	(132, 'Bléanianda', 'CIV', 111, 0),
	(133, 'Bléniméouin', 'CIV', 112, 0),
	(134, 'Blidouba', 'CIV', 113, 0),
	(135, 'Blita', 'CIV', 114, 0),
	(136, 'Blolequin', 'CIV', 115, 0),
	(137, 'Blotilé', 'CIV', 116, 0),
	(138, 'Bodo', 'CIV', 117, 0),
	(139, 'Bogoboua', 'CIV', 118, 0),
	(140, 'Bogouiné', 'CIV', 119, 0),
	(141, 'Bogouiné', 'CIV', 120, 0),
	(142, 'Boguédia', 'CIV', 121, 0),
	(143, 'Bohobli', 'CIV', 122, 0),
	(144, 'Bokpaki-Diollé', 'CIV', 123, 0),
	(145, 'Bonahouin', 'CIV', 124, 0),
	(146, 'Bongo', 'CIV', 125, 0),
	(147, 'Bonon', 'CIV', 126, 0),
	(148, 'Bonoua', 'CIV', 127, 0),
	(149, 'Bonoufla', 'CIV', 128, 0),
	(150, 'Botindé', 'CIV', 129, 0),
	(151, 'Bouaflé', 'CIV', 130, 0),
	(152, 'Bouboury', 'CIV', 131, 0),
	(153, 'Boudépé', 'CIV', 132, 0),
	(154, 'Boussoukro', 'CIV', 133, 0),
	(155, 'Boutoubré', 'CIV', 134, 0),
	(156, 'Bozi', 'CIV', 135, 0),
	(157, 'Bricolo', 'CIV', 136, 0),
	(158, 'Brihiri', 'CIV', 137, 0),
	(159, 'Broma', 'CIV', 138, 0),
	(160, 'Broubrou', 'CIV', 139, 0),
	(161, 'Broudoukou Penda', 'CIV', 140, 0),
	(162, 'Buyo', 'CIV', 141, 0),
	(163, 'Céchi', 'CIV', 142, 0),
	(164, 'Chiépo', 'CIV', 143, 0),
	(165, 'Cosrou', 'CIV', 144, 0),
	(166, 'Dabou', 'CIV', 145, 0),
	(167, 'Dadéguhé', 'CIV', 146, 0),
	(168, 'Dagadji', 'CIV', 147, 0),
	(169, 'Dah', 'CIV', 148, 0),
	(170, 'Dahiépa-Kéhi', 'CIV', 149, 0),
	(171, 'Dahiri', 'CIV', 150, 0),
	(172, 'Dairo-Didozo', 'CIV', 151, 0),
	(173, 'Dakouritrohouin', 'CIV', 152, 0),
	(174, 'Dakpadou', 'CIV', 153, 0),
	(175, 'Daloa', 'CIV', 154, 0),
	(176, 'Damé', 'CIV', 155, 0),
	(177, 'Danané', 'CIV', 156, 0),
	(178, 'Danangoro', 'CIV', 157, 0),
	(179, 'Dananon', 'CIV', 158, 0),
	(180, 'Danguira', 'CIV', 159, 0),
	(181, 'Dania', 'CIV', 160, 0),
	(182, 'Danipleu', 'CIV', 161, 0),
	(183, 'Dapéoua', 'CIV', 162, 0),
	(184, 'Dapo-Ibobé', 'CIV', 163, 0),
	(185, 'Dassioko', 'CIV', 164, 0),
	(186, 'Dédégbeu', 'CIV', 165, 0),
	(187, 'Dédiafla', 'CIV', 166, 0),
	(188, 'Déhzra', 'CIV', 167, 0),
	(189, 'Détroya', 'CIV', 168, 0),
	(190, 'Diacohou-Nord', 'CIV', 169, 0),
	(191, 'Diahouin', 'CIV', 170, 0),
	(192, 'Diai', 'CIV', 171, 0),
	(193, 'Diamarakro', 'CIV', 172, 0),
	(194, 'Diangobo', 'CIV', 173, 0),
	(195, 'Diangobo', 'CIV', 174, 0),
	(196, 'Diapléan', 'CIV', 175, 0),
	(197, 'Diasson', 'CIV', 176, 0),
	(198, 'Dibobly', 'CIV', 177, 0),
	(199, 'Diboké', 'CIV', 178, 0),
	(200, 'Didoko', 'CIV', 179, 0),
	(201, 'Diégonéfla', 'CIV', 180, 0),
	(202, 'Dieou', 'CIV', 181, 0),
	(203, 'Diéouzon', 'CIV', 182, 0),
	(204, 'Digbapia', 'CIV', 183, 0),
	(205, 'Dignago', 'CIV', 184, 0),
	(206, 'Diotrou', 'CIV', 185, 0),
	(207, 'Diourouzon', 'CIV', 186, 0),
	(208, 'Diourouzon', 'CIV', 187, 0),
	(209, 'Divo', 'CIV', 188, 0),
	(210, 'Djamandioké', 'CIV', 189, 0),
	(211, 'Djapadji', 'CIV', 190, 0),
	(212, 'Djidji', 'CIV', 191, 0),
	(213, 'Djidjidou', 'CIV', 192, 0),
	(214, 'Djidoubaye', 'CIV', 193, 0),
	(215, 'Djoko', 'CIV', 194, 0),
	(216, 'Djouroutou', 'CIV', 195, 0),
	(217, 'Doba', 'CIV', 196, 0),
	(218, 'Dobré', 'CIV', 197, 0),
	(219, 'Dogbo', 'CIV', 198, 0),
	(220, 'Doké', 'CIV', 199, 0),
	(221, 'Domangbeu', 'CIV', 200, 0),
	(222, 'Douélé', 'CIV', 201, 0),
	(223, 'Dougroupalégnoa', 'CIV', 202, 0),
	(224, 'Doukouya', 'CIV', 203, 0),
	(225, 'Doukouyo', 'CIV', 204, 0),
	(226, 'Dousséba', 'CIV', 205, 0),
	(227, 'Dribouo', 'CIV', 206, 0),
	(228, 'Duékoué', 'CIV', 207, 0),
	(229, 'Duffrébo', 'CIV', 208, 0),
	(230, 'Duonfla', 'CIV', 209, 0),
	(231, 'Dzeudji', 'CIV', 210, 0),
	(232, 'Ebikro-N’dakro', 'CIV', 211, 0),
	(233, 'Ebilassokro', 'CIV', 212, 0),
	(234, 'Eboué', 'CIV', 213, 0),
	(235, 'Ebounou', 'CIV', 214, 0),
	(236, 'Ehuasso', 'CIV', 215, 0),
	(237, 'Ellibou-Badasso', 'CIV', 216, 0),
	(238, 'Etuéboué', 'CIV', 217, 0),
	(239, 'Etuéssika', 'CIV', 218, 0),
	(240, 'Facobly', 'CIV', 219, 0),
	(241, 'Fagnampleu', 'CIV', 220, 0),
	(242, 'Fiempleu', 'CIV', 221, 0),
	(243, 'Frambo', 'CIV', 222, 0),
	(244, 'Fresco', 'CIV', 223, 0),
	(245, 'Gabia', 'CIV', 224, 0),
	(246, 'Gabia', 'CIV', 225, 0),
	(247, 'Gabiadji', 'CIV', 226, 0),
	(248, 'Gadago', 'CIV', 227, 0),
	(249, 'Gadouan Zagoréta', 'CIV', 228, 0),
	(250, 'Gagnoa', 'CIV', 229, 0),
	(251, 'Gagny', 'CIV', 230, 0),
	(252, 'Gagoré', 'CIV', 231, 0),
	(253, 'Galébouo', 'CIV', 232, 0),
	(254, 'Ganleu', 'CIV', 233, 0),
	(255, 'Gaoté', 'CIV', 234, 0),
	(256, 'Garango', 'CIV', 235, 0),
	(257, 'Gbablasso', 'CIV', 236, 0),
	(258, 'Gbadjié', 'CIV', 237, 0),
	(259, 'Gbagbam', 'CIV', 238, 0),
	(260, 'Gbalébouo', 'CIV', 239, 0),
	(261, 'Gbangbégouiné', 'CIV', 240, 0),
	(262, 'Gbangbégouiné-Yati', 'CIV', 241, 0),
	(263, 'Gbapleu', 'CIV', 242, 0),
	(264, 'Gbatongouin', 'CIV', 243, 0),
	(265, 'Gbazoa', 'CIV', 244, 0),
	(266, 'Gbeunta', 'CIV', 245, 0),
	(267, 'Gbliglo', 'CIV', 246, 0),
	(268, 'Gbloaleu', 'CIV', 247, 0),
	(269, 'Gbofesso-Sama', 'CIV', 248, 0),
	(270, 'Gboguhé', 'CIV', 249, 0),
	(271, 'Gbolouville', 'CIV', 250, 0),
	(272, 'Gbon-Houyé', 'CIV', 251, 0),
	(273, 'Gbonné', 'CIV', 252, 0),
	(274, 'Glangleu', 'CIV', 253, 0),
	(275, 'Glan-Houyé', 'CIV', 254, 0),
	(276, 'Glanlé', 'CIV', 255, 0),
	(277, 'Glégouiné', 'CIV', 256, 0),
	(278, 'Gligbéuadji', 'CIV', 257, 0),
	(279, 'Gloalé', 'CIV', 258, 0),
	(280, 'Gloazra', 'CIV', 259, 0),
	(281, 'Gloplou', 'CIV', 260, 0),
	(282, 'Gnagbodougnoa', 'CIV', 261, 0),
	(283, 'Gnagboya', 'CIV', 262, 0),
	(284, 'Gnago', 'CIV', 263, 0),
	(285, 'Gnakouboué 1', 'CIV', 264, 0),
	(286, 'Gnamanou', 'CIV', 265, 0),
	(287, 'Gnanmagui', 'CIV', 266, 0),
	(288, 'Gnato', 'CIV', 267, 0),
	(289, 'Gnatroa', 'CIV', 268, 0),
	(290, 'Gnégrouboué', 'CIV', 269, 0),
	(291, 'Gnéhiri', 'CIV', 270, 0),
	(292, 'Gnénaholoké', 'CIV', 271, 0),
	(293, 'Gnogboyo', 'CIV', 272, 0),
	(294, 'Godélilié 1', 'CIV', 273, 0),
	(295, 'Godou', 'CIV', 274, 0),
	(296, 'Gogné', 'CIV', 275, 0),
	(297, 'Gogoguhé', 'CIV', 276, 0),
	(298, 'Gohitafla', 'CIV', 277, 0),
	(299, 'Gohouo-Zagna', 'CIV', 278, 0),
	(300, 'Gomon', 'CIV', 279, 0),
	(301, 'Gonaté', 'CIV', 280, 0),
	(302, 'Gopoupleu', 'CIV', 281, 0),
	(303, 'Gotongouiné', 'CIV', 282, 0),
	(304, 'Gouané', 'CIV', 283, 0),
	(305, 'Goudi', 'CIV', 284, 0),
	(306, 'Goudouko', 'CIV', 285, 0),
	(307, 'Gouékengouine', 'CIV', 286, 0),
	(308, 'Gouiné', 'CIV', 287, 0),
	(309, 'Goulaleu', 'CIV', 288, 0),
	(310, 'Gouotro', 'CIV', 289, 0),
	(311, 'Gourané', 'CIV', 290, 0),
	(312, 'Gozi', 'CIV', 291, 0),
	(313, 'Gozon', 'CIV', 292, 0),
	(314, 'Grabo', 'CIV', 293, 0),
	(315, 'Gragba', 'CIV', 294, 0),
	(316, 'Gragbalilié', 'CIV', 295, 0),
	(317, 'Grand-Akoudzin', 'CIV', 296, 0),
	(318, 'Grand-Alépé', 'CIV', 297, 0),
	(319, 'Grand-Bassam', 'CIV', 298, 0),
	(320, 'Grand-Béréby', 'CIV', 299, 0),
	(321, 'Grand-Lahou', 'CIV', 300, 0),
	(322, 'Grand-Morié', 'CIV', 301, 0),
	(323, 'Grand-Pin', 'CIV', 302, 0),
	(324, 'Grand-Yapo', 'CIV', 303, 0),
	(325, 'Grand-Zatry', 'CIV', 304, 0),
	(326, 'Grand-Zia', 'CIV', 305, 0),
	(327, 'Grégbeu', 'CIV', 306, 0),
	(328, 'Grihiri', 'CIV', 307, 0),
	(329, 'Grobiakoko', 'CIV', 308, 0),
	(330, 'Grobonou-Dan', 'CIV', 309, 0),
	(331, 'Guéhiébly', 'CIV', 310, 0),
	(332, 'Guéhou', 'CIV', 311, 0),
	(333, 'Guékpé', 'CIV', 312, 0),
	(334, 'Guéoulé', 'CIV', 313, 0),
	(335, 'Guépahouo', 'CIV', 314, 0),
	(336, 'Guessabo', 'CIV', 315, 0),
	(337, 'Guéssiguié 1', 'CIV', 316, 0),
	(338, 'Guézon', 'CIV', 317, 0),
	(339, 'Guézon', 'CIV', 318, 0),
	(340, 'Guézon Tahouaké', 'CIV', 319, 0),
	(341, 'Guiamapleu', 'CIV', 320, 0),
	(342, 'Guibéroua', 'CIV', 321, 0),
	(343, 'Guiglo', 'CIV', 322, 0),
	(344, 'Guimeyo', 'CIV', 323, 0),
	(345, 'Guinglo-Gbéan', 'CIV', 324, 0),
	(346, 'Guinglo-Taouaké', 'CIV', 325, 0),
	(347, 'Guinglo-Ville', 'CIV', 326, 0),
	(348, 'Guitry', 'CIV', 327, 0),
	(349, 'Hannié', 'CIV', 328, 0),
	(350, 'Hermakono-Diè', 'CIV', 329, 0),
	(351, 'Hermankono\nHermankon', 'CIV', 330, 0),
	(352, 'Hiré', 'CIV', 331, 0),
	(353, 'Huafla', 'CIV', 332, 0),
	(354, 'Iboguhé', 'CIV', 333, 0),
	(355, 'Iboké', 'CIV', 334, 0),
	(356, 'Idibouo-Zépréguhé', 'CIV', 335, 0),
	(357, 'Ipouadji', 'CIV', 336, 0),
	(358, 'Iriéfla', 'CIV', 337, 0),
	(359, 'Irobo', 'CIV', 338, 0),
	(360, 'Iroporia', 'CIV', 339, 0),
	(361, 'Issia', 'CIV', 340, 0),
	(362, 'Jacqueville', 'CIV', 341, 0),
	(363, 'Kaadé', 'CIV', 342, 0),
	(364, 'Kabakouma', 'CIV', 343, 0),
	(365, 'Kacoukro-Lagune', 'CIV', 344, 0),
	(366, 'Kadéko', 'CIV', 345, 0),
	(367, 'Kahin Zarabaon', 'CIV', 346, 0),
	(368, 'Kako', 'CIV', 347, 0),
	(369, 'Kambli', 'CIV', 348, 0),
	(370, 'Kanébly', 'CIV', 349, 0),
	(371, 'Kanta-Yolé', 'CIV', 350, 0),
	(372, 'Kanzra', 'CIV', 351, 0),
	(373, 'Karié', 'CIV', 352, 0),
	(374, 'Ké-Bouébo', 'CIV', 353, 0),
	(375, 'Kéibla', 'CIV', 354, 0),
	(376, 'Kéibly', 'CIV', 355, 0),
	(377, 'Késsably', 'CIV', 356, 0),
	(378, 'Kètesso', 'CIV', 357, 0),
	(379, 'Kétro-Bassam', 'CIV', 358, 0),
	(380, 'Kibouo', 'CIV', 359, 0),
	(381, 'Kibouo', 'CIV', 360, 0),
	(382, 'Kiélé', 'CIV', 361, 0),
	(383, 'Klan', 'CIV', 362, 0),
	(384, 'Klangbolably', 'CIV', 363, 0),
	(385, 'Koaho', 'CIV', 364, 0),
	(386, 'Kodioussou', 'CIV', 365, 0),
	(387, 'Kodjinan', 'CIV', 366, 0),
	(388, 'Koffikro-Afféma', 'CIV', 367, 0),
	(389, 'Kokialo', 'CIV', 368, 0),
	(390, 'Kokolopozo', 'CIV', 369, 0),
	(391, 'Kondiébouma', 'CIV', 370, 0),
	(392, 'Kong', 'CIV', 371, 0),
	(393, 'Kononfla', 'CIV', 372, 0),
	(394, 'Koréahinou', 'CIV', 373, 0),
	(395, 'Kossandji', 'CIV', 374, 0),
	(396, 'Kosséhoa', 'CIV', 375, 0),
	(397, 'Kotoka', 'CIV', 376, 0),
	(398, 'Koua', 'CIV', 377, 0),
	(399, 'Kouaméfla', 'CIV', 378, 0),
	(400, 'Kouan-Houlé', 'CIV', 379, 0),
	(401, 'Kouaokro', 'CIV', 380, 0),
	(402, 'Koudougou', 'CIV', 381, 0),
	(403, 'Kouétinfla', 'CIV', 382, 0),
	(404, 'Kouibly', 'CIV', 383, 0),
	(405, 'Koukourandoum', 'CIV', 384, 0),
	(406, 'Koulalé', 'CIV', 385, 0),
	(407, 'Koulikoro', 'CIV', 386, 0),
	(408, 'Koutoukro', 'CIV', 387, 0),
	(409, 'Koyékro', 'CIV', 388, 0),
	(410, 'Koziayo', 'CIV', 389, 0),
	(411, 'Kpada', 'CIV', 390, 0),
	(412, 'Kpampleu-Sin-Houyé', 'CIV', 391, 0),
	(413, 'Kpapékou', 'CIV', 392, 0),
	(414, 'Kpata', 'CIV', 393, 0),
	(415, 'Kpoté', 'CIV', 394, 0),
	(416, 'Krézoukoué', 'CIV', 395, 0),
	(417, 'Krindjabo', 'CIV', 396, 0),
	(418, 'Lahou Kpanda', 'CIV', 397, 0),
	(419, 'Lahouda', 'CIV', 398, 0),
	(420, 'Lakota', 'CIV', 399, 0),
	(421, 'Larabia', 'CIV', 400, 0),
	(422, 'Lauzoua', 'CIV', 401, 0),
	(423, 'Léléblé', 'CIV', 402, 0),
	(424, 'Lessiri', 'CIV', 403, 0),
	(425, 'Ligrohoin', 'CIV', 404, 0),
	(426, 'Liliyo', 'CIV', 405, 0),
	(427, 'Lobakuya', 'CIV', 406, 0),
	(428, 'Lobo-Akoudzin', 'CIV', 407, 0),
	(429, 'Lobogba', 'CIV', 408, 0),
	(430, 'Lobogrou', 'CIV', 409, 0),
	(431, 'Lobo-Hopé', 'CIV', 410, 0),
	(432, 'Logoualé', 'CIV', 411, 0),
	(433, 'Logroan', 'CIV', 412, 0),
	(434, 'Lopou', 'CIV', 413, 0),
	(435, 'Loviguié', 'CIV', 414, 0),
	(436, 'Luéhouan', 'CIV', 415, 0),
	(437, 'Luénoufla', 'CIV', 416, 0),
	(438, 'M’brou', 'CIV', 417, 0),
	(439, 'M’possa', 'CIV', 418, 0),
	(440, 'Mabéhiri 1', 'CIV', 419, 0),
	(441, 'Mabouo', 'CIV', 420, 0),
	(442, 'Mackey-Liboli', 'CIV', 421, 0),
	(443, 'Maféré', 'CIV', 422, 0),
	(444, 'Maguéhio', 'CIV', 423, 0),
	(445, 'Mahapleu', 'CIV', 424, 0),
	(446, 'Mahino', 'CIV', 425, 0),
	(447, 'Malamalakro', 'CIV', 426, 0),
	(448, 'Maminigui', 'CIV', 427, 0),
	(449, 'Man', 'CIV', 428, 0),
	(450, 'Manfla', 'CIV', 429, 0),
	(451, 'Manzanouan', 'CIV', 430, 0),
	(452, 'Mayo', 'CIV', 431, 0),
	(453, 'Méagui', 'CIV', 432, 0),
	(454, 'Médon', 'CIV', 433, 0),
	(455, 'Memni', 'CIV', 434, 0),
	(456, 'Ménéké', 'CIV', 435, 0),
	(457, 'Méo', 'CIV', 436, 0),
	(458, 'Miadzin', 'CIV', 437, 0),
	(459, 'Mignoré', 'CIV', 438, 0),
	(460, 'Minfla', 'CIV', 439, 0),
	(461, 'Moapé', 'CIV', 440, 0),
	(462, 'Mohame', 'CIV', 441, 0),
	(463, 'Mohoua', 'CIV', 442, 0),
	(464, 'Monga', 'CIV', 443, 0),
	(465, 'Monoko-Zohi 2', 'CIV', 444, 0),
	(466, 'Morokro', 'CIV', 445, 0),
	(467, 'N’douci ', 'CIV', 446, 0),
	(468, 'N’douffoukankro', 'CIV', 447, 0),
	(469, 'N’guiémé', 'CIV', 448, 0),
	(470, 'N’zianouan', 'CIV', 449, 0),
	(471, 'N’zikro', 'CIV', 450, 0),
	(472, 'Nahio', 'CIV', 451, 0),
	(473, 'Namané', 'CIV', 452, 0),
	(474, 'Nangrékro', 'CIV', 453, 0),
	(475, 'Nébo', 'CIV', 454, 0),
	(476, 'Néko', 'CIV', 455, 0),
	(477, 'Nézobly', 'CIV', 456, 0),
	(478, 'Niablé', 'CIV', 457, 0),
	(479, 'Niakoblognoa', 'CIV', 458, 0),
	(480, 'Niambézaria', 'CIV', 459, 0),
	(481, 'Niazaroko', 'CIV', 460, 0),
	(482, 'Nidrou', 'CIV', 461, 0),
	(483, 'Nigui-Assoko', 'CIV', 462, 0),
	(484, 'Nigui-Saff', 'CIV', 463, 0),
	(485, 'Niouldé', 'CIV', 464, 0),
	(486, 'Nizahon', 'CIV', 465, 0),
	(487, 'Noé', 'CIV', 466, 0),
	(488, 'Nouamou', 'CIV', 467, 0),
	(489, 'Noukpoudou', 'CIV', 468, 0),
	(490, 'Offa', 'CIV', 469, 0),
	(491, 'Offa', 'CIV', 470, 0),
	(492, 'Offoumpo', 'CIV', 471, 0),
	(493, 'Oghlwapo', 'CIV', 472, 0),
	(494, 'Ogoudou', 'CIV', 473, 0),
	(495, 'Okromodou', 'CIV', 474, 0),
	(496, 'Okrouyo', 'CIV', 475, 0),
	(497, 'Olodio', 'CIV', 476, 0),
	(498, 'Ono', 'CIV', 477, 0),
	(499, 'Orbaff', 'CIV', 478, 0),
	(500, 'Oress-Krobou', 'CIV', 479, 0),
	(501, 'Ottawa', 'CIV', 480, 0),
	(502, 'Ottopé', 'CIV', 481, 0),
	(503, 'Ouéoulo', 'CIV', 482, 0),
	(504, 'Oumé', 'CIV', 483, 0),
	(505, 'Oupoyo', 'CIV', 484, 0),
	(506, 'Ouragahio', 'CIV', 485, 0),
	(507, 'Ousrou', 'CIV', 486, 0),
	(508, 'Ouyably-Gnondrou', 'CIV', 487, 0),
	(509, 'Ouyatouo', 'CIV', 488, 0),
	(510, 'Pacobo', 'CIV', 489, 0),
	(511, 'Pakouabo', 'CIV', 490, 0),
	(512, 'Pangban Kouamékro', 'CIV', 491, 0),
	(513, 'Paoufla', 'CIV', 492, 0),
	(514, 'Para', 'CIV', 493, 0),
	(515, 'Pauly', 'CIV', 494, 0),
	(516, 'Péhé', 'CIV', 495, 0),
	(517, 'Péhékan-Houebly', 'CIV', 496, 0),
	(518, 'Pélézi', 'CIV', 497, 0),
	(519, 'Petigoa', 'CIV', 498, 0),
	(520, 'Petit Guiglo', 'CIV', 499, 0),
	(521, 'Pinhou', 'CIV', 500, 0),
	(522, 'Podiagouiné', 'CIV', 501, 0),
	(523, 'Podoué', 'CIV', 502, 0),
	(524, 'Pogréagui', 'CIV', 503, 0),
	(525, 'Pombly', 'CIV', 504, 0),
	(526, 'Ranouinké', 'CIV', 505, 0),
	(527, 'Roa', 'CIV', 506, 0),
	(528, 'Rubino', 'CIV', 507, 0),
	(529, 'Sago', 'CIV', 508, 0),
	(530, 'Sahibli', 'CIV', 509, 0),
	(531, 'Sahuyé', 'CIV', 510, 0),
	(532, 'Saïoua', 'CIV', 511, 0),
	(533, 'Sakré', 'CIV', 512, 0),
	(534, 'Samo', 'CIV', 513, 0),
	(535, 'San Pedro', 'CIV', 514, 0),
	(536, 'Sandougou-Soba', 'CIV', 515, 0),
	(537, 'Sangouiné', 'CIV', 516, 0),
	(538, 'Sankadiokro', 'CIV', 517, 0),
	(539, 'Santa', 'CIV', 518, 0),
	(540, 'Sassako-Bégniny', 'CIV', 519, 0),
	(541, 'Sassandra', 'CIV', 520, 0),
	(542, 'Satikran', 'CIV', 521, 0),
	(543, 'Satroko', 'CIV', 522, 0),
	(544, 'Saykro', 'CIV', 523, 0),
	(545, 'Seileu', 'CIV', 524, 0),
	(546, 'Séitifla', 'CIV', 525, 0),
	(547, 'Séliéguhé', 'CIV', 526, 0),
	(548, 'Sémien', 'CIV', 527, 0),
	(549, 'Sérihio', 'CIV', 528, 0),
	(550, 'Siétinfla', 'CIV', 529, 0),
	(551, 'Sikensi', 'CIV', 530, 0),
	(552, 'Sinfra', 'CIV', 531, 0),
	(553, 'Sipilou', 'CIV', 532, 0),
	(554, 'Soakpé-Douédy', 'CIV', 533, 0),
	(555, 'Sobedoufla', 'CIV', 534, 0),
	(556, 'Sohoupleu', 'CIV', 535, 0),
	(557, 'Sokrogbo', 'CIV', 536, 0),
	(558, 'Sokrogbo-Carrefour', 'CIV', 537, 0),
	(559, 'Songan', 'CIV', 538, 0),
	(560, 'Soubré', 'CIV', 539, 0),
	(561, 'Taabo', 'CIV', 540, 0),
	(562, 'Taabo-Village', 'CIV', 541, 0),
	(563, 'Tabléguikou', 'CIV', 542, 0),
	(564, 'Taboth', 'CIV', 543, 0),
	(565, 'Tabou', 'CIV', 544, 0),
	(566, 'Tahakro', 'CIV', 545, 0),
	(567, 'Tahibli', 'CIV', 546, 0),
	(568, 'Taï', 'CIV', 547, 0),
	(569, 'Takoréagui', 'CIV', 548, 0),
	(570, 'Tanguélan', 'CIV', 549, 0),
	(571, 'Taobly', 'CIV', 550, 0),
	(572, 'Tapéguia', 'CIV', 551, 0),
	(573, 'Téapleu', 'CIV', 552, 0),
	(574, 'Téhiri', 'CIV', 553, 0),
	(575, 'Tézié', 'CIV', 554, 0),
	(576, 'Tiagba', 'CIV', 555, 0),
	(577, 'Tiapoum', 'CIV', 556, 0),
	(578, 'Tiassalé', 'CIV', 557, 0),
	(579, 'Tibéita', 'CIV', 558, 0),
	(580, 'Tiédrou-Koléa', 'CIV', 559, 0),
	(581, 'Tiégba', 'CIV', 560, 0),
	(582, 'Tiégba 1', 'CIV', 561, 0),
	(583, 'Tiény-Séably', 'CIV', 562, 0),
	(584, 'Tiéoulé-Oula', 'CIV', 563, 0),
	(585, 'Tiéviéssou', 'CIV', 564, 0),
	(586, 'Tinhou', 'CIV', 565, 0),
	(587, 'Tiobly', 'CIV', 566, 0),
	(588, 'Tioko', 'CIV', 567, 0),
	(589, 'Tobly-Bangolo', 'CIV', 568, 0),
	(590, 'Tofla', 'CIV', 569, 0),
	(591, 'Tokohiri', 'CIV', 570, 0),
	(592, 'Toliesso', 'CIV', 571, 0),
	(593, 'Tonla', 'CIV', 572, 0),
	(594, 'Totrodrou', 'CIV', 573, 0),
	(595, 'Touandrou-Béoué', 'CIV', 574, 0),
	(596, 'Touih', 'CIV', 575, 0),
	(597, 'Toukouzou', 'CIV', 576, 0),
	(598, 'Toulepleu', 'CIV', 577, 0),
	(599, 'Toupah', 'CIV', 578, 0),
	(600, 'Toutoubré', 'CIV', 579, 0),
	(601, 'Toyébli', 'CIV', 580, 0),
	(602, 'Trafla-Gottron', 'CIV', 581, 0),
	(603, 'Trinlé-Diapleu', 'CIV', 582, 0),
	(604, 'Troko', 'CIV', 583, 0),
	(605, 'Troya', 'CIV', 584, 0),
	(606, 'Tuambly', 'CIV', 585, 0),
	(607, 'Vaafla', 'CIV', 586, 0),
	(608, 'Vahedjinou', 'CIV', 587, 0),
	(609, 'Vaou', 'CIV', 588, 0),
	(610, 'Vavoua', 'CIV', 589, 0),
	(611, 'Vouéboufla', 'CIV', 590, 0),
	(612, 'Walébo', 'CIV', 591, 0),
	(613, 'Waté', 'CIV', 592, 0),
	(614, 'Wonséaly', 'CIV', 593, 0),
	(615, 'Yacolidabouo', 'CIV', 594, 0),
	(616, 'Yakassé-Attobrou', 'CIV', 595, 0),
	(617, 'Yakassé-Feyassé', 'CIV', 596, 0),
	(618, 'Yakassé-Mé', 'CIV', 597, 0),
	(619, 'Yala', 'CIV', 598, 0),
	(620, 'Yaou', 'CIV', 599, 0),
	(621, 'Yaou', 'CIV', 600, 0),
	(622, 'Yapleu', 'CIV', 601, 0),
	(623, 'Yassap', 'CIV', 602, 0),
	(624, 'Yelleu', 'CIV', 603, 0),
	(625, 'Yobouakro', 'CIV', 604, 0),
	(626, 'Yocoboué', 'CIV', 605, 0),
	(627, 'Yokoréa', 'CIV', 606, 0),
	(628, 'Yopohué', 'CIV', 607, 0),
	(629, 'Yorédoula', 'CIV', 608, 0),
	(630, 'Yorodougou', 'CIV', 609, 0),
	(631, 'Yrozon', 'CIV', 610, 0),
	(632, 'Zagné', 'CIV', 611, 0),
	(633, 'Zagoué', 'CIV', 612, 0),
	(634, 'Zaguiéta', 'CIV', 613, 0),
	(635, 'Zahia', 'CIV', 614, 0),
	(636, 'Zaïbo', 'CIV', 615, 0),
	(637, 'Zakéoua', 'CIV', 616, 0),
	(638, 'Zaliohouan', 'CIV', 617, 0),
	(639, 'Zanzra', 'CIV', 618, 0),
	(640, 'Zaranou', 'CIV', 619, 0),
	(641, 'Zéaglo', 'CIV', 620, 0),
	(642, 'Zéalé', 'CIV', 621, 0),
	(643, 'Zébouo-Nord', 'CIV', 622, 0),
	(644, 'Zébra', 'CIV', 623, 0),
	(645, 'Zégo', 'CIV', 624, 0),
	(646, 'Zéhiri', 'CIV', 625, 0),
	(647, 'Zéo', 'CIV', 626, 0),
	(648, 'Zérégbo', 'CIV', 627, 0),
	(649, 'Ziki-Dies', 'CIV', 628, 0),
	(650, 'Zikisso', 'CIV', 629, 0),
	(651, 'Ziogouiné', 'CIV', 630, 0),
	(652, 'Zirifla', 'CIV', 631, 0),
	(653, 'Zokoguhé', 'CIV', 632, 0),
	(654, 'Zokolilié', 'CIV', 633, 0),
	(655, 'Zonneu', 'CIV', 634, 0),
	(656, 'Zorofla', 'CIV', 635, 0),
	(657, 'Zou', 'CIV', 636, 0),
	(658, 'Zouan-Hounien', 'CIV', 637, 0),
	(659, 'Zouata', 'CIV', 638, 0),
	(660, 'Zougounéfla', 'CIV', 639, 0),
	(661, 'Zoukouboué', 'CIV', 640, 0),
	(662, 'Zoukougbeu', 'CIV', 641, 0),
	(663, 'Zoukpangbeu', 'CIV', 642, 0),
	(664, 'Zoupleu', 'CIV', 643, 0),
	(665, 'Zoutouo Darra', 'CIV', 644, 0),
	(666, 'Zouzousso', 'CIV', 645, 0),
	(667, 'Zraluo', 'CIV', 646, 0),
	(668, 'Zro', 'CIV', 647, 0),
	(669, 'Zuénoula', 'CIV', 648, 0),
	(670, 'Yamoussoukro', 'CIV', 649, 0),
	(671, 'Subiakro', 'CIV', 650, 0),
	(672, 'Zambakro', 'CIV', 651, 0),
	(673, 'Zatta', 'CIV', 652, 0),
	(674, 'Mahounou Akoué', 'CIV', 653, 0),
	(675, 'Kossou', 'CIV', 654, 0),
	(676, 'Attiégouakro', 'CIV', 655, 0),
	(677, 'Labokro', 'CIV', 656, 0),
	(678, 'Morokinkro', 'CIV', 657, 0),
	(679, 'Ouffoué-Diékro', 'CIV', 658, 0),
	(680, 'Lolobo', 'CIV', 659, 0),
	(681, 'Sakiaré', 'CIV', 660, 0),
	(682, 'Tiébissou', 'CIV', 661, 0),
	(683, 'Ahitou-Kongonou', 'CIV', 662, 0),
	(684, 'N’gattadolikro', 'CIV', 663, 0),
	(685, 'Aman-Salèkro', 'CIV', 664, 0),
	(686, 'Molonou', 'CIV', 665, 0),
	(687, 'Ahougnassou-Allahou', 'CIV', 666, 0),
	(688, 'Lomokankro', 'CIV', 667, 0),
	(689, 'N’gangro Attoutou', 'CIV', 668, 0),
	(690, 'Boniankro', 'CIV', 669, 0),
	(691, 'Yakpabo-Sakassou', 'CIV', 670, 0),
	(692, 'Pranoi', 'CIV', 671, 0),
	(693, 'Didiévi', 'CIV', 672, 0),
	(694, 'N’gban-Kassé', 'CIV', 673, 0),
	(695, 'Kouassi-Kongokro', 'CIV', 674, 0),
	(696, 'Tié Ndiékro', 'CIV', 675, 0),
	(697, 'Molonou-Blé', 'CIV', 676, 0),
	(698, 'Raviart', 'CIV', 677, 0),
	(699, 'Yaakro', 'CIV', 678, 0),
	(700, 'N’guyakro', 'CIV', 679, 0),
	(701, 'Kpèbo', 'CIV', 680, 0),
	(702, 'Boli', 'CIV', 681, 0),
	(703, 'N’da-Akissikro', 'CIV', 682, 0),
	(704, 'Bodo', 'CIV', 683, 0),
	(705, 'Kondrokro', 'CIV', 684, 0),
	(706, 'Djassanou', 'CIV', 685, 0),
	(707, 'Dimbokro', 'CIV', 686, 0),
	(708, 'Langba', 'CIV', 687, 0),
	(709, 'Nofou', 'CIV', 688, 0),
	(710, 'Trianikro', 'CIV', 689, 0),
	(711, 'Booré', 'CIV', 690, 0),
	(712, 'Angan-Konankro', 'CIV', 691, 0),
	(713, 'Diangokro', 'CIV', 692, 0),
	(714, 'Abigui', 'CIV', 693, 0),
	(715, 'Bocabo', 'CIV', 694, 0),
	(716, 'Soungassou', 'CIV', 695, 0),
	(717, 'M\'Batto', 'CIV', 696, 0),
	(718, 'Tiékou', 'CIV', 697, 0),
	(719, 'N’gbribo-Takikro', 'CIV', 698, 0),
	(720, 'Anoumaba', 'CIV', 699, 0),
	(721, 'Sérébissou', 'CIV', 700, 0),
	(722, 'Tiémélékro', 'CIV', 701, 0),
	(723, 'Agnia', 'CIV', 702, 0),
	(724, 'Ehuikro', 'CIV', 703, 0),
	(725, 'Tomidanou', 'CIV', 704, 0),
	(726, 'N’gohinou', 'CIV', 705, 0),
	(727, 'Adouakouakro', 'CIV', 706, 0),
	(728, 'Assahara', 'CIV', 707, 0),
	(729, 'Frondobo-Télébo', 'CIV', 708, 0),
	(730, 'Bongouanou', 'CIV', 709, 0),
	(731, 'N’zuékokoré', 'CIV', 710, 0),
	(732, 'Assaouffoué', 'CIV', 711, 0),
	(733, 'N’guessankro', 'CIV', 712, 0),
	(734, 'Bouadikro', 'CIV', 713, 0),
	(735, 'N’guinou', 'CIV', 714, 0),
	(736, 'Andé', 'CIV', 715, 0),
	(737, 'Assié-Koumassi', 'CIV', 716, 0),
	(738, 'Agbossou', 'CIV', 717, 0),
	(739, 'Brou-Akpaoussoukro', 'CIV', 718, 0),
	(740, 'ARRAH', 'CIV', 719, 0),
	(741, 'Kouadiokro', 'CIV', 720, 0),
	(742, 'Brou-Attakro', 'CIV', 721, 0),
	(743, 'Abongoua', 'CIV', 722, 0),
	(744, 'Kotobi', 'CIV', 723, 0),
	(745, 'Erobo', 'CIV', 724, 0),
	(746, 'Assalé Kouassikro', 'CIV', 725, 0),
	(747, 'Krégbé', 'CIV', 726, 0),
	(748, 'Bocanda', 'CIV', 727, 0),
	(749, 'Bengassou', 'CIV', 728, 0),
	(750, 'Brou-Aoussoukro', 'CIV', 729, 0),
	(751, 'Assika-Kayabo', 'CIV', 730, 0),
	(752, 'Dida Moessou', 'CIV', 731, 0),
	(753, 'Kouadioblékro', 'CIV', 732, 0),
	(754, 'Tagnakro', 'CIV', 733, 0),
	(755, 'N’zécrézessou', 'CIV', 734, 0),
	(756, 'Amoroki', 'CIV', 735, 0),
	(757, 'Katchiré-Essékro', 'CIV', 736, 0),
	(758, 'N’do Kouassikro', 'CIV', 737, 0),
	(759, 'Djenzoukro', 'CIV', 738, 0),
	(760, 'Gbonou', 'CIV', 739, 0),
	(761, 'Mékro', 'CIV', 740, 0),
	(762, 'Konan-N’drikro', 'CIV', 741, 0),
	(763, 'Nandékro', 'CIV', 742, 0),
	(764, 'Kouassi-Kouassikro', 'CIV', 743, 0),
	(765, 'Daoukro', 'CIV', 744, 0),
	(766, 'N’gattakro', 'CIV', 745, 0),
	(767, 'Agni-Assikasso', 'CIV', 746, 0),
	(768, 'Konien Kouamékro', 'CIV', 747, 0),
	(769, 'Ettrokro', 'CIV', 748, 0),
	(770, 'Katimassou', 'CIV', 749, 0),
	(771, 'Samanza', 'CIV', 750, 0),
	(772, 'Zanzansou', 'CIV', 751, 0),
	(773, 'Ouéllé', 'CIV', 752, 0),
	(774, 'Bendié Koménankro', 'CIV', 753, 0),
	(775, 'Lékikro', 'CIV', 754, 0),
	(776, 'Potossou', 'CIV', 755, 0),
	(777, 'Ananda', 'CIV', 756, 0),
	(778, 'Prikro-Ouellé', 'CIV', 757, 0),
	(779, 'Akpassanou', 'CIV', 758, 0),
	(780, 'Prikro', 'CIV', 759, 0),
	(781, 'Ahouan-Bonvoinsou', 'CIV', 760, 0),
	(782, 'Koffi Amonkro', 'CIV', 761, 0),
	(783, 'Adikro', 'CIV', 762, 0),
	(784, 'Akanangbo', 'CIV', 763, 0),
	(785, 'Donguikro', 'CIV', 764, 0),
	(786, 'Konandi-N’dakro', 'CIV', 765, 0),
	(787, 'Nafana', 'CIV', 766, 0),
	(788, 'Anianou', 'CIV', 767, 0),
	(789, 'Babakro', 'CIV', 768, 0),
	(790, 'Konandikro', 'CIV', 769, 0),
	(791, 'Famienkro', 'CIV', 770, 0),
	(792, 'M\'Bahiakro', 'CIV', 771, 0),
	(793, 'N’zi-N’ziblékro', 'CIV', 772, 0),
	(794, 'Kongoti', 'CIV', 773, 0),
	(795, 'Kouassikro', 'CIV', 774, 0),
	(796, 'Sahébo', 'CIV', 775, 0),
	(797, 'Soundo', 'CIV', 776, 0),
	(798, 'Bonguéra', 'CIV', 777, 0),
	(799, 'Kondossou', 'CIV', 778, 0),
	(800, 'Moussobadougou', 'CIV', 779, 0),
	(801, 'Totodougou', 'CIV', 780, 0),
	(802, 'Attokro', 'CIV', 781, 0),
	(803, 'Touba', 'CIV', 782, 0),
	(804, 'Sorotoma', 'CIV', 783, 0),
	(805, 'Doh', 'CIV', 784, 0),
	(806, 'Guintéguéla', 'CIV', 785, 0),
	(807, 'Bakandesso-Sogbèn', 'CIV', 786, 0),
	(808, 'Foungbèsso', 'CIV', 787, 0),
	(809, 'Landué', 'CIV', 788, 0),
	(810, 'Fouénan', 'CIV', 789, 0),
	(811, 'Dioman', 'CIV', 790, 0),
	(812, 'Guenimanzo', 'CIV', 791, 0),
	(813, 'Tienko', 'CIV', 792, 0),
	(814, 'Silakoro', 'CIV', 793, 0),
	(815, 'Sokourala-Mahou', 'CIV', 794, 0),
	(816, 'Ouaninou', 'CIV', 795, 0),
	(817, 'Gouékan', 'CIV', 796, 0),
	(818, 'Gbélo', 'CIV', 797, 0),
	(819, 'Mandougou', 'CIV', 798, 0),
	(820, 'Tiahoué', 'CIV', 799, 0),
	(821, 'Ganhoué', 'CIV', 800, 0),
	(822, 'Ferentela', 'CIV', 801, 0),
	(823, 'Santa', 'CIV', 802, 0),
	(824, 'Koonan', 'CIV', 803, 0),
	(825, 'Saboudougou', 'CIV', 804, 0),
	(826, 'Massedougou', 'CIV', 805, 0),
	(827, 'Koro', 'CIV', 806, 0),
	(828, 'Borotou-Koro', 'CIV', 807, 0),
	(829, 'Booro-Borotou', 'CIV', 808, 0),
	(830, 'Desséné', 'CIV', 809, 0),
	(831, 'Niokosso', 'CIV', 810, 0),
	(832, 'Borotou', 'CIV', 811, 0),
	(833, 'Massala-Barala', 'CIV', 812, 0),
	(834, 'Booko', 'CIV', 813, 0),
	(835, 'Moambasso', 'CIV', 814, 0),
	(836, 'Mahandougou', 'CIV', 815, 0),
	(837, 'Séguéla', 'CIV', 816, 0),
	(838, 'Gbogolo', 'CIV', 817, 0),
	(839, 'Tiémassoba', 'CIV', 818, 0),
	(840, 'Massala', 'CIV', 819, 0),
	(841, 'Samina', 'CIV', 820, 0),
	(842, 'Téguéla', 'CIV', 821, 0),
	(843, 'Soba-Banandjé', 'CIV', 822, 0),
	(844, 'Kamalo', 'CIV', 823, 0),
	(845, 'Sifié', 'CIV', 824, 0),
	(846, 'Gbalo', 'CIV', 825, 0),
	(847, 'Béréni-Dialla', 'CIV', 826, 0),
	(848, 'Siana', 'CIV', 827, 0),
	(849, 'Sandala', 'CIV', 828, 0),
	(850, 'Mongbara', 'CIV', 829, 0),
	(851, 'Dualla', 'CIV', 830, 0),
	(852, 'Bobi', 'CIV', 831, 0),
	(853, 'Tiema', 'CIV', 832, 0),
	(854, 'Gbétogo', 'CIV', 833, 0),
	(855, 'Worofla', 'CIV', 834, 0),
	(856, 'Diarabana', 'CIV', 835, 0),
	(857, 'Kangana', 'CIV', 836, 0),
	(858, 'Kato', 'CIV', 837, 0),
	(859, 'Gbemazo', 'CIV', 838, 0),
	(860, 'KANI', 'CIV', 839, 0),
	(861, 'Manabri', 'CIV', 840, 0),
	(862, 'Fadiadougou', 'CIV', 841, 0),
	(863, 'Banandjé', 'CIV', 842, 0),
	(864, 'Djibrosso', 'CIV', 843, 0),
	(865, 'Morondo', 'CIV', 844, 0),
	(866, 'Kounahiri', 'CIV', 845, 0),
	(867, 'Boyaokro', 'CIV', 846, 0),
	(868, 'Léasso', 'CIV', 847, 0),
	(869, 'Trafesso', 'CIV', 848, 0),
	(870, 'Toubalo', 'CIV', 849, 0),
	(871, 'Kongasso', 'CIV', 850, 0),
	(872, 'Bambalouma', 'CIV', 851, 0),
	(873, 'Soukourougban', 'CIV', 852, 0),
	(874, 'Kouatta', 'CIV', 853, 0),
	(875, 'Korokopla', 'CIV', 854, 0),
	(876, 'Mankono', 'CIV', 855, 0),
	(877, 'Dantogo', 'CIV', 856, 0),
	(878, 'Fizanlouma', 'CIV', 857, 0),
	(879, 'Kabadallah', 'CIV', 858, 0),
	(880, 'Niangouralatiene', 'CIV', 859, 0),
	(881, 'Kamoro', 'CIV', 860, 0),
	(882, 'Nakara', 'CIV', 861, 0),
	(883, 'Bouandougou', 'CIV', 862, 0),
	(884, 'Tiéningboué', 'CIV', 863, 0),
	(885, 'Ouédallah', 'CIV', 864, 0),
	(886, 'Dialakoro', 'CIV', 865, 0),
	(887, 'Tomono', 'CIV', 866, 0),
	(888, 'Sirihio', 'CIV', 867, 0),
	(889, 'Marandallah', 'CIV', 868, 0),
	(890, 'Somokoro', 'CIV', 869, 0),
	(891, 'Bobo-Tiénigbé', 'CIV', 870, 0),
	(892, 'Dandougou', 'CIV', 871, 0),
	(893, 'Sarhala', 'CIV', 872, 0),
	(894, 'Sononzo', 'CIV', 873, 0),
	(895, 'Faraba', 'CIV', 874, 0),
	(896, 'Dianra-Village', 'CIV', 875, 0),
	(897, 'Dianra-Village', 'CIV', 876, 0),
	(898, 'Yérétiélé', 'CIV', 877, 0),
	(899, 'Bouaké', 'CIV', 878, 0),
	(900, 'Lengbrè', 'CIV', 879, 0),
	(901, 'Assouakro', 'CIV', 880, 0),
	(902, 'Djébonoua', 'CIV', 881, 0),
	(903, 'Sessekro', 'CIV', 882, 0),
	(904, 'Foto-Kouamékro', 'CIV', 883, 0),
	(905, 'Bounda', 'CIV', 884, 0),
	(906, 'Brobo', 'CIV', 885, 0),
	(907, 'Saminikro', 'CIV', 886, 0),
	(908, 'Manmini', 'CIV', 887, 0),
	(909, 'Bamoro', 'CIV', 888, 0),
	(910, 'N’dènou', 'CIV', 889, 0),
	(911, 'Sakassou', 'CIV', 890, 0),
	(912, 'Assandré', 'CIV', 891, 0),
	(913, 'Toumodi-Sakassou', 'CIV', 892, 0),
	(914, 'Ayaou-Sran', 'CIV', 893, 0),
	(915, 'Ando-Kékrénou', 'CIV', 894, 0),
	(916, 'Dibri-Assirikro', 'CIV', 895, 0),
	(917, 'Béoumi', 'CIV', 896, 0),
	(918, 'Linguebo', 'CIV', 897, 0),
	(919, 'Zédé-Dianhoun', 'CIV', 898, 0),
	(920, 'Diéviéssou', 'CIV', 899, 0),
	(921, 'Affotobo', 'CIV', 900, 0),
	(922, 'Koubébo-Dan', 'CIV', 901, 0),
	(923, 'Lolobo', 'CIV', 902, 0),
	(924, 'Kongobo', 'CIV', 903, 0),
	(925, 'Kondrobo', 'CIV', 904, 0),
	(926, 'Kogodjan', 'CIV', 905, 0),
	(927, 'Bodokro', 'CIV', 906, 0),
	(928, 'Bourébo', 'CIV', 907, 0),
	(929, 'Golikpangbanssou', 'CIV', 908, 0),
	(930, 'Allékro', 'CIV', 909, 0),
	(931, 'Delakro', 'CIV', 910, 0),
	(932, 'N’guessankro', 'CIV', 911, 0),
	(933, 'Messoukro', 'CIV', 912, 0),
	(934, 'Plibo', 'CIV', 913, 0),
	(935, 'Marabadiassa', 'CIV', 914, 0),
	(936, 'Botro', 'CIV', 915, 0),
	(937, 'Abolikro', 'CIV', 916, 0),
	(938, 'Languibonou', 'CIV', 917, 0),
	(939, 'Agbakro', 'CIV', 918, 0),
	(940, 'Saoundi', 'CIV', 919, 0),
	(941, 'Diabo', 'CIV', 920, 0),
	(942, 'Tikakro', 'CIV', 921, 0),
	(943, 'Takra-Adiékro', 'CIV', 922, 0),
	(944, 'Krofoinsou', 'CIV', 923, 0),
	(945, 'Katiola', 'CIV', 924, 0),
	(946, 'Lougbonou', 'CIV', 925, 0),
	(947, 'Timbé', 'CIV', 926, 0),
	(948, 'Nikolo', 'CIV', 927, 0),
	(949, 'Fronan', 'CIV', 928, 0),
	(950, 'Kanangonon', 'CIV', 929, 0),
	(951, 'Dabakala', 'CIV', 930, 0),
	(952, 'Satama-Sokoro', 'CIV', 931, 0),
	(953, 'Satama-Sokoura', 'CIV', 932, 0),
	(954, 'Diéméressedougou', 'CIV', 933, 0),
	(955, 'Kokoumba', 'CIV', 934, 0),
	(956, 'Bassawa', 'CIV', 935, 0),
	(957, 'Lissolo Sobara', 'CIV', 936, 0),
	(958, 'Kogbera', 'CIV', 937, 0),
	(959, 'Gbambélédougou', 'CIV', 938, 0),
	(960, 'Kpana-Kalo', 'CIV', 939, 0),
	(961, 'Yaossédougou', 'CIV', 940, 0),
	(962, 'Kawolo-Sobara', 'CIV', 941, 0),
	(963, 'Finessiguédougou', 'CIV', 942, 0),
	(964, 'Boniérédougou', 'CIV', 943, 0),
	(965, 'Bokala Niampondougou', 'CIV', 944, 0),
	(966, 'Sokala-Sobara', 'CIV', 945, 0),
	(967, 'Kafoudougou Bambarasso', 'CIV', 946, 0),
	(968, 'Tindéné-Bambarasso', 'CIV', 947, 0),
	(969, 'Niéméné', 'CIV', 948, 0),
	(970, 'Nadjélet-Segberé', 'CIV', 949, 0),
	(971, 'M’borla-Dioulasso', 'CIV', 950, 0),
	(972, 'Noholo Sobar', 'CIV', 951, 0),
	(973, 'Foumbolo', 'CIV', 952, 0),
	(974, 'Nassoulo', 'CIV', 953, 0),
	(975, 'Niankaramadougou', 'CIV', 954, 0),
	(976, 'Petionnara', 'CIV', 955, 0),
	(977, 'Ouréguékaha', 'CIV', 956, 0),
	(978, 'Latokaha', 'CIV', 957, 0),
	(979, 'Tortiya', 'CIV', 958, 0),
	(980, 'Ténindiéri', 'CIV', 959, 0),
	(981, 'Kanawolo', 'CIV', 960, 0),
	(982, 'Arikokaha', 'CIV', 961, 0),
	(983, 'Sépikaha', 'CIV', 962, 0),
	(984, 'Niédiékaha', 'CIV', 963, 0),
	(985, 'Tafiré', 'CIV', 964, 0),
	(986, 'Badikaha', 'CIV', 965, 0),
	(987, 'Pangalakaha', 'CIV', 966, 0),
	(988, 'Koun-fao', 'CIV', 967, 0),
	(989, 'N’guessan-Brindoukro', 'CIV', 968, 0),
	(990, 'Presso', 'CIV', 969, 0),
	(991, 'Tienkouakro', 'CIV', 970, 0),
	(992, 'Kokomian', 'CIV', 971, 0),
	(993, 'Takikro', 'CIV', 972, 0),
	(994, 'Koffi-Badoukro', 'CIV', 973, 0),
	(995, 'Akroidokikro', 'CIV', 974, 0),
	(996, 'Tankéssé', 'CIV', 975, 0),
	(997, 'N’dakro', 'CIV', 976, 0),
	(998, 'Ouangui', 'CIV', 977, 0),
	(999, 'Adoukro', 'CIV', 978, 0),
	(1000, 'Assindi', 'CIV', 979, 0),
	(1001, 'Yabrasso', 'CIV', 980, 0),
	(1002, 'Boahia', 'CIV', 981, 0),
	(1003, 'Dokanou', 'CIV', 982, 0),
	(1004, 'Koto Ganda', 'CIV', 983, 0),
	(1005, 'Missoumihian', 'CIV', 984, 0),
	(1006, 'Kotronou', 'CIV', 985, 0),
	(1007, 'Kouassi-Datékro', 'CIV', 986, 0),
	(1008, 'Djoro-Djoro', 'CIV', 987, 0),
	(1009, 'TRANSUA', 'CIV', 988, 0),
	(1010, 'Kouassia Niaguiné', 'CIV', 989, 0),
	(1011, 'Yao Nango', 'CIV', 990, 0),
	(1012, 'Assuakro', 'CIV', 991, 0),
	(1013, 'Pambasso-Diédou', 'CIV', 992, 0),
	(1014, 'Priti 1', 'CIV', 993, 0),
	(1015, 'Kouassi-Séranou', 'CIV', 994, 0),
	(1016, 'Assuéfry', 'CIV', 995, 0),
	(1017, 'Dadiassé', 'CIV', 996, 0),
	(1018, 'Tanda', 'CIV', 997, 0),
	(1019, 'Iguéla', 'CIV', 998, 0),
	(1020, 'Pala', 'CIV', 999, 0),
	(1021, 'Bouko', 'CIV', 1000, 0),
	(1022, 'Diamba', 'CIV', 1001, 0),
	(1023, 'Tchiédio', 'CIV', 1002, 0),
	(1024, 'Guiendé', 'CIV', 1003, 0),
	(1025, 'Lomo', 'CIV', 1004, 0),
	(1026, 'Amanvi', 'CIV', 1005, 0),
	(1027, 'Sandégué', 'CIV', 1006, 0),
	(1028, 'Namassi', 'CIV', 1007, 0),
	(1029, 'Bandakagni-Tomora', 'CIV', 1008, 0),
	(1030, 'Dimandougou', 'CIV', 1009, 0),
	(1031, 'Kondorodougou', 'CIV', 1010, 0),
	(1032, 'Yorobodi', 'CIV', 1011, 0),
	(1033, 'Bandakani-Sokoura', 'CIV', 1012, 0),
	(1034, 'Moussadougou', 'CIV', 1013, 0),
	(1035, 'Bondoukou', 'CIV', 1014, 0),
	(1036, 'Appimadoum', 'CIV', 1015, 0),
	(1037, 'Gouméré', 'CIV', 1016, 0),
	(1038, 'Pinda-Boroko', 'CIV', 1017, 0),
	(1039, 'Hérébo', 'CIV', 1018, 0),
	(1040, 'Koboko-Nassan', 'CIV', 1019, 0),
	(1041, 'Soko', 'CIV', 1020, 0),
	(1042, 'Tabagne', 'CIV', 1021, 0),
	(1043, 'Sapia', 'CIV', 1022, 0),
	(1044, 'Kanguelé', 'CIV', 1023, 0),
	(1045, 'Kouassi-N’daw', 'CIV', 1024, 0),
	(1046, 'Dingbi', 'CIV', 1025, 0),
	(1047, 'Dinaoudi', 'CIV', 1026, 0),
	(1048, 'Taoudi', 'CIV', 1027, 0),
	(1049, 'Wakiala', 'CIV', 1028, 0),
	(1050, 'Sapli-Sépingo', 'CIV', 1029, 0),
	(1051, 'Sorobango', 'CIV', 1030, 0),
	(1052, 'Kouafo-Akidom', 'CIV', 1031, 0),
	(1053, 'Yézimala', 'CIV', 1032, 0),
	(1054, 'Bondo', 'CIV', 1033, 0),
	(1055, 'Kpana', 'CIV', 1034, 0),
	(1056, 'Torossanguéhi', 'CIV', 1035, 0),
	(1057, 'Laoudi-Ba', 'CIV', 1036, 0),
	(1058, 'Tambi', 'CIV', 1037, 0),
	(1059, 'Yérékaye', 'CIV', 1038, 0),
	(1060, 'Kamala', 'CIV', 1039, 0),
	(1061, 'Flatchèdougou', 'CIV', 1040, 0),
	(1062, 'Tchefrodouo', 'CIV', 1041, 0),
	(1063, 'Bandole', 'CIV', 1042, 0),
	(1064, 'Tagadi', 'CIV', 1043, 0),
	(1065, 'Nassian', 'CIV', 1044, 0),
	(1066, 'Sominassé', 'CIV', 1045, 0),
	(1067, 'Talahini', 'CIV', 1046, 0),
	(1068, 'Parhadi', 'CIV', 1047, 0),
	(1069, 'Toungbo-Yaga', 'CIV', 1048, 0),
	(1070, 'Lambira', 'CIV', 1049, 0),
	(1071, 'Kotouba', 'CIV', 1050, 0),
	(1072, 'Bogofa', 'CIV', 1051, 0),
	(1073, 'Kakpin', 'CIV', 1052, 0),
	(1074, 'Banvayo', 'CIV', 1053, 0),
	(1075, 'Bouna', 'CIV', 1054, 0),
	(1076, 'Youndouo', 'CIV', 1055, 0),
	(1077, 'Piaye', 'CIV', 1056, 0),
	(1078, 'Kokpingue', 'CIV', 1057, 0),
	(1079, 'Ondéfidouo', 'CIV', 1058, 0),
	(1080, 'Vargbo', 'CIV', 1059, 0),
	(1081, 'Bouko', 'CIV', 1060, 0),
	(1082, 'Doropo', 'CIV', 1061, 0),
	(1083, 'Kounzié', 'CIV', 1062, 0),
	(1084, 'Angayé', 'CIV', 1063, 0),
	(1085, 'Niamoué', 'CIV', 1064, 0),
	(1086, 'Varalé', 'CIV', 1065, 0),
	(1087, 'Danoa', 'CIV', 1066, 0),
	(1088, 'Kalamon', 'CIV', 1067, 0),
	(1089, 'Téhini', 'CIV', 1068, 0),
	(1090, 'Gogo', 'CIV', 1069, 0),
	(1091, 'Bavé', 'CIV', 1070, 0),
	(1092, 'Tougbo', 'CIV', 1071, 0),
	(1093, 'Odiénné', 'CIV', 1072, 0),
	(1094, 'Férémandougou', 'CIV', 1073, 0),
	(1095, 'Dioulatiédougou', 'CIV', 1074, 0),
	(1096, 'Sokorodougou', 'CIV', 1075, 0),
	(1097, 'Bako', 'CIV', 1076, 0),
	(1098, 'Nafana-Sienso', 'CIV', 1077, 0),
	(1099, 'Kahanso', 'CIV', 1078, 0),
	(1100, 'Bougousso', 'CIV', 1079, 0),
	(1101, 'Sirana', 'CIV', 1080, 0),
	(1102, 'Seydougou', 'CIV', 1081, 0),
	(1103, 'Gbéléban', 'CIV', 1082, 0),
	(1104, 'Niamana', 'CIV', 1083, 0),
	(1105, 'Tiémé', 'CIV', 1084, 0),
	(1106, 'Samango', 'CIV', 1085, 0),
	(1107, 'Kimbirila Sud', 'CIV', 1086, 0),
	(1108, 'Dabadougou-Mafélé', 'CIV', 1087, 0),
	(1109, 'Samatiguila', 'CIV', 1088, 0),
	(1110, 'Madinani', 'CIV', 1089, 0),
	(1111, 'Gbongaha', 'CIV', 1090, 0),
	(1112, 'Karabiri', 'CIV', 1091, 0),
	(1113, 'Séguélon', 'CIV', 1092, 0),
	(1114, 'Lingoho', 'CIV', 1093, 0),
	(1115, 'Kokoun', 'CIV', 1094, 0),
	(1116, 'Siansoba', 'CIV', 1095, 0),
	(1117, 'N’goloblasso', 'CIV', 1096, 0),
	(1118, 'Koroumba', 'CIV', 1097, 0),
	(1119, 'Fengolo', 'CIV', 1098, 0),
	(1120, 'Minignan', 'CIV', 1099, 0),
	(1121, 'Gouenzou', 'CIV', 1100, 0),
	(1122, 'Sokoro', 'CIV', 1101, 0),
	(1123, 'Tienko', 'CIV', 1102, 0),
	(1124, 'Kouban', 'CIV', 1103, 0),
	(1125, 'Kimbirila-Nord', 'CIV', 1104, 0),
	(1126, 'Kaniasso', 'CIV', 1105, 0),
	(1127, 'Goulia', 'CIV', 1106, 0),
	(1128, 'Gouéya', 'CIV', 1107, 0),
	(1129, 'Ouélli', 'CIV', 1108, 0),
	(1130, 'Mahandiana-Sokourani', 'CIV', 1109, 0),
	(1131, 'Boundiali', 'CIV', 1110, 0),
	(1132, 'Sissédougou', 'CIV', 1111, 0),
	(1133, 'Niempurgué', 'CIV', 1112, 0),
	(1134, 'Kébi', 'CIV', 1113, 0),
	(1135, 'Ganaoni', 'CIV', 1114, 0),
	(1136, 'Fonondara', 'CIV', 1115, 0),
	(1137, 'Pononkaha', 'CIV', 1116, 0),
	(1138, 'Siempurgo', 'CIV', 1117, 0),
	(1139, 'Nonkparakaha', 'CIV', 1118, 0),
	(1140, 'Lafi', 'CIV', 1119, 0),
	(1141, 'Landiougou', 'CIV', 1120, 0),
	(1142, 'Kasséré', 'CIV', 1121, 0),
	(1143, 'Baya', 'CIV', 1122, 0),
	(1144, 'Yélé', 'CIV', 1123, 0),
	(1145, 'Kouto', 'CIV', 1124, 0),
	(1146, 'Dabakaha', 'CIV', 1125, 0),
	(1147, 'Kolia', 'CIV', 1126, 0),
	(1148, 'Monongo', 'CIV', 1127, 0),
	(1149, 'Gbon', 'CIV', 1128, 0),
	(1150, 'Tinasso', 'CIV', 1129, 0),
	(1151, 'Tounvré', 'CIV', 1130, 0),
	(1152, 'N’déou', 'CIV', 1131, 0),
	(1153, 'Tindara', 'CIV', 1132, 0),
	(1154, 'Mougnini', 'CIV', 1133, 0),
	(1155, 'Sianhala', 'CIV', 1134, 0),
	(1156, 'Zaguinasso', 'CIV', 1135, 0),
	(1157, 'Wora', 'CIV', 1136, 0),
	(1158, 'Tiogo', 'CIV', 1137, 0),
	(1159, 'Mahalé', 'CIV', 1138, 0),
	(1160, 'Blésségué', 'CIV', 1139, 0),
	(1161, 'Tengréla', 'CIV', 1140, 0),
	(1162, 'Bolona', 'CIV', 1141, 0),
	(1163, 'Néguépié', 'CIV', 1142, 0),
	(1164, 'San', 'CIV', 1143, 0),
	(1165, 'Kanakono', 'CIV', 1144, 0),
	(1166, 'Diamankani', 'CIV', 1145, 0),
	(1167, 'Zanasso', 'CIV', 1146, 0),
	(1168, 'Papara', 'CIV', 1147, 0),
	(1169, 'Débété', 'CIV', 1148, 0),
	(1170, 'Dikodougou', 'CIV', 1149, 0),
	(1171, 'Ouattaradougou', 'CIV', 1150, 0),
	(1172, 'Boron', 'CIV', 1151, 0),
	(1173, 'Pleuro', 'CIV', 1152, 0),
	(1174, 'Kadioha', 'CIV', 1153, 0),
	(1175, 'Nogotaha', 'CIV', 1154, 0),
	(1176, 'Guiembé', 'CIV', 1155, 0),
	(1177, 'Kalaha', 'CIV', 1156, 0),
	(1178, 'Korhogo', 'CIV', 1157, 0),
	(1179, 'Kanoroba', 'CIV', 1158, 0),
	(1180, 'Talléré', 'CIV', 1159, 0),
	(1181, 'Dagba', 'CIV', 1160, 0),
	(1182, 'Sirasso', 'CIV', 1161, 0),
	(1183, 'Nafoun', 'CIV', 1162, 0),
	(1184, 'Odia', 'CIV', 1163, 0),
	(1185, 'Kombolokoura', 'CIV', 1164, 0),
	(1186, 'Seguétiélé', 'CIV', 1165, 0),
	(1187, 'Niofoin', 'CIV', 1166, 0),
	(1188, 'Tangafla', 'CIV', 1167, 0),
	(1189, 'M’bengué-Bougou', 'CIV', 1168, 0),
	(1190, 'Fapaha', 'CIV', 1169, 0),
	(1191, 'Karafigué', 'CIV', 1170, 0),
	(1192, 'Sohouo', 'CIV', 1171, 0),
	(1193, 'Koni', 'CIV', 1172, 0),
	(1194, 'Lataha', 'CIV', 1173, 0),
	(1195, 'Bodonon', 'CIV', 1174, 0),
	(1196, 'Taouara', 'CIV', 1175, 0),
	(1197, 'Fononvogo', 'CIV', 1176, 0),
	(1198, 'Nazinékaha', 'CIV', 1177, 0),
	(1199, 'Fapaha', 'CIV', 1178, 0),
	(1200, 'Nangounkaha', 'CIV', 1179, 0),
	(1201, 'Latiénékaha', 'CIV', 1180, 0),
	(1202, 'Karakoro', 'CIV', 1181, 0),
	(1203, 'Nakaha', 'CIV', 1182, 0),
	(1204, 'Komborodougou', 'CIV', 1183, 0),
	(1205, 'Napié', 'CIV', 1184, 0),
	(1206, 'Lamékaha', 'CIV', 1185, 0),
	(1207, 'Koko-Kiénou', 'CIV', 1186, 0),
	(1208, 'Siolokaha', 'CIV', 1187, 0),
	(1209, 'Tioroniaradougou', 'CIV', 1188, 0),
	(1210, 'Dassoungboho', 'CIV', 1189, 0),
	(1211, 'Katiali', 'CIV', 1190, 0),
	(1212, 'N’ganon', 'CIV', 1191, 0),
	(1213, 'Niofoin', 'CIV', 1192, 0),
	(1214, 'Pitiengomon', 'CIV', 1193, 0),
	(1215, 'Poungbé', 'CIV', 1194, 0),
	(1216, 'Kaloa', 'CIV', 1195, 0),
	(1217, 'M’bengué', 'CIV', 1196, 0),
	(1218, 'Katogo', 'CIV', 1197, 0),
	(1219, 'Bougou', 'CIV', 1198, 0),
	(1220, 'Sinématiali', 'CIV', 1199, 0),
	(1221, 'Kagbolodougou', 'CIV', 1200, 0),
	(1222, 'Dohiriguekaha', 'CIV', 1201, 0),
	(1223, 'Peguékaha', 'CIV', 1202, 0),
	(1224, 'Sédiogo', 'CIV', 1203, 0),
	(1225, 'Fodiolokaha', 'CIV', 1204, 0),
	(1226, 'Nakouroubelekaha', 'CIV', 1205, 0),
	(1227, 'Tiongofolokaha', 'CIV', 1206, 0),
	(1228, 'Ferkessédougou', 'CIV', 1207, 0),
	(1229, 'Bilimono', 'CIV', 1208, 0),
	(1230, 'Kong', 'CIV', 1209, 0),
	(1231, 'Nafana', 'CIV', 1210, 0),
	(1232, 'Sikolo', 'CIV', 1211, 0),
	(1233, 'Lamékaha', 'CIV', 1212, 0),
	(1234, 'Togoniéré', 'CIV', 1213, 0),
	(1235, 'Kafolo Bac', 'CIV', 1214, 0),
	(1236, 'Koumbala', 'CIV', 1215, 0),
	(1237, 'Lafokpokaha', 'CIV', 1216, 0),
	(1238, 'Tiékpé', 'CIV', 1217, 0),
	(1239, 'Momirasso', 'CIV', 1218, 0),
	(1240, 'Ouangolodougou', 'CIV', 1220, 0),
	(1241, 'Korokara', 'CIV', 1221, 0),
	(1242, 'Nambingué', 'CIV', 1222, 0),
	(1243, 'Kaouara', 'CIV', 1223, 0),
	(1244, 'Diawala', 'CIV', 1224, 0),
	(1245, 'Niellé', 'CIV', 1225, 0),
	(1246, 'Nafoungolo', 'CIV', 1226, 0),
	(1247, 'Ouamelhoro', 'CIV', 1227, 0),
	(1248, 'Toumoukoro', 'CIV', 1228, 0),
	(1249, 'Pogo', 'CIV', 1229, 0),
	(1250, 'Toumodi', 'CIV', 1230, 0),
	(1251, 'Kpouébo', 'CIV', 1231, 0),
	(1252, 'Moronou', 'CIV', 1232, 0),
	(1253, 'Dida-Kouadiokro', 'CIV', 1233, 0),
	(1254, 'Bonikro', 'CIV', 1234, 0),
	(1255, 'Bériaboukro', 'CIV', 1235, 0),
	(1256, 'Djékanou', 'CIV', 1236, 0),
	(1257, 'Loukou-Yaokro', 'CIV', 1237, 0),
	(1258, 'Kplessou', 'CIV', 1238, 0),
	(1259, 'Kokumbo', 'CIV', 1239, 0),
	(1260, 'N’doukahakro', 'CIV', 1240, 0),
	(1261, 'Angonda', 'CIV', 1241, 0),
	(1262, 'Konan Kokorékro', 'CIV', 1242, 0);
/*!40000 ALTER TABLE `commune` ENABLE KEYS */;

-- Listage de la structure de la table croixrouge2021. continent
CREATE TABLE IF NOT EXISTS `continent` (
  `CONTINENT_ID` int NOT NULL AUTO_INCREMENT,
  `CONTINENT_NOM` varchar(250) DEFAULT NULL,
  PRIMARY KEY (`CONTINENT_ID`)
) ENGINE=InnoDB AUTO_INCREMENT=6 DEFAULT CHARSET=utf8;

-- Listage des données de la table croixrouge2021.continent : ~5 rows (environ)
/*!40000 ALTER TABLE `continent` DISABLE KEYS */;
REPLACE INTO `continent` (`CONTINENT_ID`, `CONTINENT_NOM`) VALUES
	(1, 'AFRIQUE'),
	(2, 'AMERIQUE'),
	(3, 'EUROPE'),
	(4, 'OCEANIE'),
	(5, 'ASIE');
/*!40000 ALTER TABLE `continent` ENABLE KEYS */;

-- Listage de la structure de la table croixrouge2021. correspondance_fiche_qrcode
CREATE TABLE IF NOT EXISTS `correspondance_fiche_qrcode` (
  `id` int NOT NULL,
  `libelle_fiche_rename` varchar(500) DEFAULT NULL,
  `fiche_scaner` varchar(500) DEFAULT NULL,
  `numeroMatricule` longtext,
  `comiteLocal` varchar(500) DEFAULT NULL,
  `top_generer` int DEFAULT NULL,
  `created_at` datetime DEFAULT NULL,
  `updated_at` datetime DEFAULT NULL,
  PRIMARY KEY (`id`)
) ENGINE=InnoDB DEFAULT CHARSET=latin1;

-- Listage des données de la table croixrouge2021.correspondance_fiche_qrcode : ~0 rows (environ)
/*!40000 ALTER TABLE `correspondance_fiche_qrcode` DISABLE KEYS */;
/*!40000 ALTER TABLE `correspondance_fiche_qrcode` ENABLE KEYS */;

-- Listage de la structure de la table croixrouge2021. diplome
CREATE TABLE IF NOT EXISTS `diplome` (
  `iddiplome` int NOT NULL AUTO_INCREMENT,
  `diplome_libelle` varchar(150) DEFAULT NULL,
  PRIMARY KEY (`iddiplome`)
) ENGINE=InnoDB AUTO_INCREMENT=10 DEFAULT CHARSET=utf8;

-- Listage des données de la table croixrouge2021.diplome : ~9 rows (environ)
/*!40000 ALTER TABLE `diplome` DISABLE KEYS */;
REPLACE INTO `diplome` (`iddiplome`, `diplome_libelle`) VALUES
	(1, 'CEPE'),
	(2, 'BEPC'),
	(3, 'BAC'),
	(4, 'BTS'),
	(5, 'LICENCE'),
	(6, 'INGENIEUR'),
	(7, 'MASTER'),
	(8, 'DOCTORAT'),
	(9, 'AUTRE');
/*!40000 ALTER TABLE `diplome` ENABLE KEYS */;

-- Listage de la structure de la table croixrouge2021. failed_jobs
CREATE TABLE IF NOT EXISTS `failed_jobs` (
  `id` bigint unsigned NOT NULL AUTO_INCREMENT,
  `connection` text NOT NULL,
  `queue` text NOT NULL,
  `payload` longtext NOT NULL,
  `exception` longtext NOT NULL,
  `failed_at` timestamp NOT NULL DEFAULT CURRENT_TIMESTAMP,
  PRIMARY KEY (`id`)
) ENGINE=InnoDB DEFAULT CHARSET=utf8;

-- Listage des données de la table croixrouge2021.failed_jobs : ~0 rows (environ)
/*!40000 ALTER TABLE `failed_jobs` DISABLE KEYS */;
/*!40000 ALTER TABLE `failed_jobs` ENABLE KEYS */;

-- Listage de la structure de la table croixrouge2021. fonctioncr
CREATE TABLE IF NOT EXISTS `fonctioncr` (
  `idfonctionCR` int NOT NULL AUTO_INCREMENT,
  `fonctionCR_libelle` varchar(150) DEFAULT NULL,
  PRIMARY KEY (`idfonctionCR`)
) ENGINE=InnoDB AUTO_INCREMENT=5 DEFAULT CHARSET=utf8;

-- Listage des données de la table croixrouge2021.fonctioncr : ~4 rows (environ)
/*!40000 ALTER TABLE `fonctioncr` DISABLE KEYS */;
REPLACE INTO `fonctioncr` (`idfonctionCR`, `fonctionCR_libelle`) VALUES
	(1, 'Agent volontaire'),
	(2, 'President de comite'),
	(3, 'Secretaire generale de comite'),
	(4, 'vice-presedent de comite');
/*!40000 ALTER TABLE `fonctioncr` ENABLE KEYS */;

-- Listage de la structure de la table croixrouge2021. groupesanguin
CREATE TABLE IF NOT EXISTS `groupesanguin` (
  `idGroupeSanguin` int NOT NULL AUTO_INCREMENT,
  `libelleGroupeSanguin` varchar(150) DEFAULT NULL,
  PRIMARY KEY (`idGroupeSanguin`),
  KEY `idGroupeSanguin` (`idGroupeSanguin`)
) ENGINE=InnoDB AUTO_INCREMENT=9 DEFAULT CHARSET=utf8;

-- Listage des données de la table croixrouge2021.groupesanguin : ~8 rows (environ)
/*!40000 ALTER TABLE `groupesanguin` DISABLE KEYS */;
REPLACE INTO `groupesanguin` (`idGroupeSanguin`, `libelleGroupeSanguin`) VALUES
	(1, 'A+'),
	(2, 'A-'),
	(3, 'B+'),
	(4, 'B-'),
	(5, 'O+'),
	(6, 'AB+'),
	(7, 'AB-'),
	(8, 'O-');
/*!40000 ALTER TABLE `groupesanguin` ENABLE KEYS */;

-- Listage de la structure de la table croixrouge2021. image
CREATE TABLE IF NOT EXISTS `image` (
  `idimage` int NOT NULL AUTO_INCREMENT,
  `image_libelle` varchar(150) DEFAULT NULL,
  `image_legende` varchar(150) DEFAULT NULL,
  `image_date_ajout` date DEFAULT NULL,
  `personne_idpersonne` varchar(150) NOT NULL,
  `created_at` datetime NOT NULL,
  `updated_at` datetime NOT NULL,
  PRIMARY KEY (`idimage`)
) ENGINE=InnoDB AUTO_INCREMENT=44 DEFAULT CHARSET=utf8;

-- Listage des données de la table croixrouge2021.image : ~41 rows (environ)
/*!40000 ALTER TABLE `image` DISABLE KEYS */;
REPLACE INTO `image` (`idimage`, `image_libelle`, `image_legende`, `image_date_ajout`, `personne_idpersonne`, `created_at`, `updated_at`) VALUES
	(1, 'choupinpin.jpeg', NULL, '2020-04-26', 'CRCI-2020-C1-34', '2020-04-26 06:04:30', '2020-04-26 06:04:30'),
	(2, 'bourse_chine.pdf', NULL, '2020-04-26', 'CRCI-2020-C1-35', '2020-04-26 06:07:45', '2020-04-26 06:07:45'),
	(3, 'choupinpin.jpeg', NULL, '2020-04-26', 'CRCI-2020-C1-35', '2020-04-26 06:07:45', '2020-04-26 06:07:45'),
	(4, 'choupinpin.jpeg', 'PHOTOVOLONTAIRE', '2020-04-26', 'CRCI-2020-C1-36', '2020-04-26 08:53:10', '2020-04-26 08:53:10'),
	(5, 'INVENTAIRE DES LOGICIELS.pdf', 'COPIEDELAPIECE', '2020-04-26', 'CRCI-2020-C1-36', '2020-04-26 08:53:11', '2020-04-26 08:53:11'),
	(6, 'choupinpin.jpeg', 'PHOTOVOLONTAIRE', '2020-04-26', 'CRCI-2020-C4-37', '2020-04-26 12:27:33', '2020-04-26 12:27:33'),
	(7, 'bourse_chine.pdf', 'COPIEDELAPIECE', '2020-04-26', 'CRCI-2020-C4-37', '2020-04-26 12:27:33', '2020-04-26 12:27:33'),
	(8, 'logo_reduice.png', 'PHOTOVOLONTAIRE', '2020-08-25', 'CRCI-2020-C2-38', '2020-08-25 08:17:16', '2020-08-25 08:17:16'),
	(9, 'CONNAISSANCES PRATIQUES D.pdf', 'COPIEDELAPIECE', '2020-08-25', 'CRCI-2020-C2-38', '2020-08-25 08:17:16', '2020-08-25 08:17:16'),
	(10, 'Heather-C-Dahl-on-Insureblocks.jpg', 'PHOTOVOLONTAIRE', '2020-09-21', 'CRCI-2020-C13-39', '2020-09-21 23:12:09', '2020-09-21 23:12:09'),
	(11, 'Graduate_Admissions_Guide_for_International_Students.pdf', 'COPIEDELAPIECE', '2020-09-21', 'CRCI-2020-C13-39', '2020-09-21 23:12:10', '2020-09-21 23:12:10'),
	(12, 'directeur_general.jpg', 'PHOTOVOLONTAIRE', '2020-09-29', 'CRCI-2020-C2-41', '2020-09-29 09:58:23', '2020-09-29 09:58:23'),
	(13, 'DWG-Model.pdf', 'COPIEDELAPIECE', '2020-09-29', 'CRCI-2020-C2-41', '2020-09-29 09:58:23', '2020-09-29 09:58:23'),
	(14, 'directeur_general.jpg', 'PHOTOVOLONTAIRE', '2020-09-29', 'CRCI-2020-C2-42', '2020-09-29 09:59:37', '2020-09-29 09:59:37'),
	(15, 'DWG-Model.pdf', 'COPIEDELAPIECE', '2020-09-29', 'CRCI-2020-C2-42', '2020-09-29 09:59:37', '2020-09-29 09:59:37'),
	(16, 'directeur_general.jpg', 'PHOTOVOLONTAIRE', '2020-09-29', 'CRCI-2020-C2-43', '2020-09-29 10:03:57', '2020-09-29 10:03:57'),
	(17, 'DWG-Model.pdf', 'COPIEDELAPIECE', '2020-09-29', 'CRCI-2020-C2-43', '2020-09-29 10:03:57', '2020-09-29 10:03:57'),
	(18, 'directeur_general.jpg', 'PHOTOVOLONTAIRE', '2020-09-29', 'CRCI-2020-C2-44', '2020-09-29 10:09:04', '2020-09-29 10:09:04'),
	(19, 'DWG-Model.pdf', 'COPIEDELAPIECE', '2020-09-29', 'CRCI-2020-C2-44', '2020-09-29 10:09:05', '2020-09-29 10:09:05'),
	(20, 'Heather-C-Dahl-on-Insureblocks.jpg', 'PHOTOVOLONTAIRE', '2020-09-29', 'CRCI-2020-C2-45', '2020-09-29 10:22:25', '2020-09-29 10:22:25'),
	(21, 'ownCloud Manual.pdf', 'COPIEDELAPIECE', '2020-09-29', 'CRCI-2020-C2-45', '2020-09-29 10:22:25', '2020-09-29 10:22:25'),
	(22, 'Heather-C-Dahl-on-Insureblocks.jpg', 'PHOTOVOLONTAIRE', '2020-09-29', 'CRCI-2020-C2-46', '2020-09-29 10:23:21', '2020-09-29 10:23:21'),
	(23, 'ownCloud Manual.pdf', 'COPIEDELAPIECE', '2020-09-29', 'CRCI-2020-C2-46', '2020-09-29 10:23:21', '2020-09-29 10:23:21'),
	(24, 'Coulibaly.jpeg', 'PHOTOVOLONTAIRE', NULL, 'CRCI-2020-C79-47', '2020-10-01 10:37:30', '2020-10-01 10:37:30'),
	(25, 'signature_coulibaly.jpeg', 'COPIEDELAPIECE', NULL, 'CRCI-2020-C79-47', '2020-10-01 10:37:30', '2020-10-01 10:37:30'),
	(26, 'Coulibaly.jpeg', 'PHOTOVOLONTAIRE', NULL, 'CRCI-2020-C76-48', '2020-10-01 11:10:14', '2020-10-01 11:10:14'),
	(27, 'signature_coulibaly.jpeg', 'COPIEDELAPIECE', NULL, 'CRCI-2020-C76-48', '2020-10-01 11:10:14', '2020-10-01 11:10:14'),
	(28, 'Heather-C-Dahl-on-Insureblocks.jpg', 'PHOTOVOLONTAIRE', NULL, 'CRCI-2020-C79-49', '2020-10-01 11:20:22', '2020-10-01 11:20:22'),
	(29, 'Graduate_Admissions_Guide_for_International_Students.pdf', 'COPIEDELAPIECE', NULL, 'CRCI-2020-C79-49', '2020-10-01 11:20:22', '2020-10-01 11:20:22'),
	(30, 'speaker-yann-duchenne-identity-days.png', 'PHOTOVOLONTAIRE', NULL, 'CRCI-2020-C79-50', '2020-10-06 15:51:47', '2020-10-06 15:51:47'),
	(31, 'Registre de Commerce P.1 (1).pdf', 'COPIEDELAPIECE', NULL, 'CRCI-2020-C79-50', '2020-10-06 15:51:47', '2020-10-06 15:51:47'),
	(32, 'id_card.jpeg', 'PHOTOVOLONTAIRE', NULL, 'CRCI-2020-C71-51', '2020-11-08 13:13:42', '2020-11-08 13:13:42'),
	(33, 'CONNAISSANCES PRATIQUES D.pdf', 'COPIEDELAPIECE', NULL, 'CRCI-2020-C71-51', '2020-11-08 13:13:42', '2020-11-08 13:13:42'),
	(34, 'speaker-yann-duchenne-identity-days.png', 'PHOTOVOLONTAIRE', NULL, 'CRCI-2020-C1-52', '2020-11-08 14:32:00', '2020-11-08 14:32:00'),
	(35, 'CONNAISSANCES PRATIQUES D.pdf', 'COPIEDELAPIECE', NULL, 'CRCI-2020-C1-52', '2020-11-08 14:32:00', '2020-11-08 14:32:00'),
	(36, 'PV de Recette Jalon 1.pdf', 'PHOTOVOLONTAIRE', NULL, '0008987', '2020-12-15 11:15:18', '2020-12-15 11:15:18'),
	(37, 'detail_structure_P1.pdf', 'COPIEDELAPIECE', NULL, '0008987', '2020-12-15 11:15:18', '2020-12-15 11:15:18'),
	(38, 'PV de Recette Jalon 1.pdf', 'COPIEDELAPIECE', NULL, 'CRCI-2018-21-000067', '2020-12-15 15:07:45', '2020-12-15 15:07:45'),
	(39, 'detail_structure_P1.pdf', 'COPIEDELAPIECE', NULL, '0089RT', '2020-12-15 16:17:45', '2020-12-15 16:17:45'),
	(40, 'Documentation création de compte api.pdf', 'COPIEDELAPIECE', NULL, 'CRCI-1980-5-00089', '2020-12-15 16:31:05', '2020-12-15 16:31:05'),
	(41, 'PROCEDURE DE MODIF.pdf', 'COPIEDELAPIECE', NULL, 'XX-TRE-0098', '2020-12-15 16:54:15', '2020-12-15 16:54:15'),
	(42, 'IMG_20210516_120140_363.jpg', 'PHOTOVOLONTAIRE', NULL, 'CRCI-2020-C30-00897', '2021-05-28 18:49:26', '2021-05-28 18:49:26'),
	(43, 'icon_user.png', 'PHOTOVOLONTAIRE', NULL, 'CRCI 2020 C67 2435', '2021-06-06 13:03:03', '2021-06-06 13:03:03');
/*!40000 ALTER TABLE `image` ENABLE KEYS */;

-- Listage de la structure de la table croixrouge2021. migrations
CREATE TABLE IF NOT EXISTS `migrations` (
  `id` int unsigned NOT NULL AUTO_INCREMENT,
  `migration` varchar(255) NOT NULL,
  `batch` int NOT NULL,
  PRIMARY KEY (`id`)
) ENGINE=InnoDB AUTO_INCREMENT=4 DEFAULT CHARSET=utf8;

-- Listage des données de la table croixrouge2021.migrations : ~3 rows (environ)
/*!40000 ALTER TABLE `migrations` DISABLE KEYS */;
REPLACE INTO `migrations` (`id`, `migration`, `batch`) VALUES
	(1, '2014_10_12_100000_create_password_resets_table', 1),
	(2, '2019_08_19_000000_create_failed_jobs_table', 1),
	(3, '2020_10_07_143144_create_sessions_table', 1);
/*!40000 ALTER TABLE `migrations` ENABLE KEYS */;

-- Listage de la structure de la table croixrouge2021. module
CREATE TABLE IF NOT EXISTS `module` (
  `idModule` int NOT NULL AUTO_INCREMENT,
  `Module_libelle` varchar(500) DEFAULT NULL,
  PRIMARY KEY (`idModule`)
) ENGINE=InnoDB AUTO_INCREMENT=5 DEFAULT CHARSET=utf8;

-- Listage des données de la table croixrouge2021.module : ~4 rows (environ)
/*!40000 ALTER TABLE `module` DISABLE KEYS */;
REPLACE INTO `module` (`idModule`, `Module_libelle`) VALUES
	(1, 'Ressources Humaines'),
	(2, 'Comptabilité'),
	(3, 'Projets'),
	(4, 'Administration');
/*!40000 ALTER TABLE `module` ENABLE KEYS */;

-- Listage de la structure de la table croixrouge2021. password_resets
CREATE TABLE IF NOT EXISTS `password_resets` (
  `email` varchar(255) NOT NULL,
  `token` varchar(255) NOT NULL,
  `created_at` timestamp NULL DEFAULT NULL,
  KEY `password_resets_email_index` (`email`)
) ENGINE=InnoDB DEFAULT CHARSET=utf8;

-- Listage des données de la table croixrouge2021.password_resets : ~0 rows (environ)
/*!40000 ALTER TABLE `password_resets` DISABLE KEYS */;
/*!40000 ALTER TABLE `password_resets` ENABLE KEYS */;

-- Listage de la structure de la table croixrouge2021. pays
CREATE TABLE IF NOT EXISTS `pays` (
  `idpays` int NOT NULL AUTO_INCREMENT,
  `pays_libelle` varchar(150) NOT NULL,
  PRIMARY KEY (`idpays`)
) ENGINE=InnoDB AUTO_INCREMENT=2 DEFAULT CHARSET=utf8;

-- Listage des données de la table croixrouge2021.pays : ~0 rows (environ)
/*!40000 ALTER TABLE `pays` DISABLE KEYS */;
REPLACE INTO `pays` (`idpays`, `pays_libelle`) VALUES
	(1, 'Côte d\'Ivoire');
/*!40000 ALTER TABLE `pays` ENABLE KEYS */;

-- Listage de la structure de la table croixrouge2021. pays_nationalite
CREATE TABLE IF NOT EXISTS `pays_nationalite` (
  `PAYS_CODE` varchar(3) NOT NULL,
  `PAYS_ISO2` varchar(50) NOT NULL,
  `PAYS_INDICATIF` varchar(255) DEFAULT NULL,
  `PAYS_NOM` varchar(50) NOT NULL,
  `PAYS_NATIO` varchar(255) DEFAULT '',
  `CONTINENT_ID` int NOT NULL,
  PRIMARY KEY (`PAYS_CODE`,`CONTINENT_ID`),
  KEY `fk_PAYS_NATIONALITE_CONTINENT1_idx` (`CONTINENT_ID`),
  KEY `PAYS_NATIO` (`PAYS_NATIO`),
  KEY `PAYS_CODE` (`PAYS_CODE`),
  CONSTRAINT `fk_PAYS_NATIONALITE_CONTINENT1` FOREIGN KEY (`CONTINENT_ID`) REFERENCES `continent` (`CONTINENT_ID`) ON UPDATE CASCADE
) ENGINE=InnoDB DEFAULT CHARSET=utf8;

-- Listage des données de la table croixrouge2021.pays_nationalite : ~224 rows (environ)
/*!40000 ALTER TABLE `pays_nationalite` DISABLE KEYS */;
REPLACE INTO `pays_nationalite` (`PAYS_CODE`, `PAYS_ISO2`, `PAYS_INDICATIF`, `PAYS_NOM`, `PAYS_NATIO`, `CONTINENT_ID`) VALUES
	('ABW', 'AW', '297', 'Aruba', 'Arubéens', 2),
	('AFG', 'AF', '93', 'Afghanistan', '', 5),
	('AGO', 'AO', '244', 'Angola', 'angolaise', 1),
	('ALB', 'AL', '335', 'Albanie', '', 3),
	('AND', 'AD', '376', 'Andorre', 'Andorran', 3),
	('ARE', 'AE', '971', 'Émirats Arabes Unis', 'émiratie', 5),
	('ARG', 'AR', '54', 'Argentine', 'Argentine', 2),
	('ARM', 'AM', '374', 'Arménie', 'arménienne ', 5),
	('ASM', 'AS', '16', 'American Samoa', 'Samoa Americaine', 2),
	('ASM', 'AS', '1 684', 'Samoa américaines', 'Samoa américaine', 4),
	('AUS', 'AU', '36', 'Australie', 'Australienne', 4),
	('AUT', 'AT', '43', 'Autriche', 'Autrichienne', 3),
	('AZE', 'AZ', '994', 'Azerbaïdjan', 'Azerbaïdjanaise', 5),
	('BDI', 'BI', '257', 'Burundi', 'Burundaise', 1),
	('BEL', 'BE', '32', 'Belgique', 'Belge', 3),
	('BEN', 'BJ', '229', 'Benin', 'Beninoise', 1),
	('BFA', 'BF', '226', 'Burkina Faso', 'Burkunabaise', 1),
	('BGD', 'BD', '880', 'Bangladesh', 'Bangladaichiennes ', 5),
	('BGR', 'BG', '359', 'Bulgarie', 'Bulgare ', 3),
	('BHR', 'BH', '973', 'Bahreïn', 'Bahreïnie ', 5),
	('BHS', 'BS', '1', 'Bahamas', 'Bahaméenne', 2),
	('BIH', 'BA', '387', 'Bosnie-Herzégovine', ' Bosniaque', 3),
	('BLM', 'BL', '590', 'Saint-Barthélemy', 'Française', 2),
	('BLR', 'BY', '375', 'Biélorussie', 'Biélorusse', 3),
	('BLZ', 'BZ', '501', 'Belize', 'Belizienne', 2),
	('BMU', 'BM', '1', 'Bermudes', 'Bermudienne', 2),
	('BOL', 'BO', '591', 'Bolivie', 'Bolivienne', 2),
	('BRA', 'BR', '55', 'Brésil', 'brésilienne', 2),
	('BRB', 'BB', '1', 'Barbade', 'Bajan', 2),
	('BRN', 'BN', '673', 'Brunei', 'Brunei', 5),
	('BTN', 'BT', '975', 'Bhoutan', 'bhoutanais', 5),
	('BWA', 'BW', '267', 'Botswana', 'Botswanaise', 1),
	('CAF', 'CF', '236', 'Réplublique Centrafricaine', 'Centrafricaine', 1),
	('CAN', 'CA', '1', 'Canada', 'Canadienne', 2),
	('CHE', 'CH', '41', 'Suisse', 'Suisse', 3),
	('CHL', 'CL', '56', 'Chili', 'Chilienne', 2),
	('CHN', 'CN', '86', 'Chine', 'Chinoise', 5),
	('CIV', 'CI', '225', 'Côte d’Ivoire', 'Ivoirienne', 1),
	('CMR', 'CM', '237', 'Cameroun', 'Camerounaise', 1),
	('COD', 'CD', '243', 'République démocratique du Congo', 'Congolaise de la RDC', 1),
	('COG', 'CG', '242', 'République du Congo', 'Congolaise', 1),
	('COK', 'CK', '682', 'Îles Cook', 'Îles Cook', 4),
	('COL', 'CO', '57', 'Colombie', 'Colombienne', 2),
	('COM', 'KM', '269', 'Comores', 'Comorienne', 1),
	('CPV', 'CV', '238', 'Cap-Vert', 'Cap-vertienne', 1),
	('CRI', 'CR', '506', 'Costa Rica', 'Costa-ricienne', 2),
	('CUB', 'CU', '53', 'Cuba', 'Cubaine', 2),
	('CUW', 'CW', '599', 'Curaçao', 'Curaçao', 2),
	('CYM', 'KY', '1-344', 'Îles Caïmanes', 'Îles Caïmanes', 2),
	('CYP', 'CY', '357', 'Chypre', 'Chyprienne', 3),
	('CZE', 'CZ', '420', 'République tchèque', 'Tchèque', 3),
	('DEU', 'DE', '49', 'Allemagne', 'Allande', 3),
	('DJI', 'DJ', '253', 'Djibouti', 'Djiboutienne', 1),
	('DMA', 'DM', '1', 'Dominique', 'Dominicaine', 2),
	('DNK', 'DK', '45', 'Danemark', 'Danoise', 3),
	('DOM', 'DO', '1', 'République Dominicaine', ' Dominicaine', 2),
	('DZA', 'DZ', '213', 'Algérie', 'Algérienne', 1),
	('ECU', 'EC', '593', 'Equateur', 'Equatorienne', 2),
	('EGY', 'EG', '20', 'Égypte', 'Egyptienne', 1),
	('ERI', 'ER', '291', 'Érythrée', 'Erythréenne', 1),
	('ESH', 'EH', '212', 'Sahara Occidental', 'Sahraouie', 1),
	('ESP', 'ES', '34', 'Espagne', 'Espagnole', 3),
	('EST', 'EE', '372', 'Estonie', 'Estonienne', 3),
	('ETH', 'ET', '251', 'Ethiopie', 'Ethiopienne', 1),
	('FIN', 'FI', '358', 'Finlande', 'Finlandaise', 3),
	('FJI', 'FJ', '679', 'Fidji', 'Fidjien', 4),
	('FLK', 'FK', '500', 'Îles Falkland', 'Îles Falkland', 2),
	('FRA', 'FR', '33', 'France', 'Française', 3),
	('FRO', 'FO', '298', 'Îles Féroé', 'Îles Féroé', 3),
	('FSM', 'FM', '691', 'Micronésie', 'micronésienne', 4),
	('GAB', 'GA', '241', 'Gabon', 'Gabonnaise', 1),
	('GBR', 'GB', '44', 'Angleterre', 'Anglaise', 3),
	('GEO', 'GE', '995', 'Géorgie', 'Géorgienne', 5),
	('GHA', 'GH', '233', 'Ghana', 'Ghanienne', 1),
	('GIB', 'GI', '350', 'Gibraltar', 'Gibraltarienne', 3),
	('GIN', 'GN', '224', 'Guinée', 'Guinéenne', 1),
	('GLP', 'GP', '590', 'Guadeloupe', 'Guadeloupienne', 2),
	('GMB', 'GM', '220', 'Gambie', 'Gambienne', 1),
	('GNB', 'GW', '245', 'Guinée-Bissau', 'Bissau Guinéenne', 1),
	('GNQ', 'GQ', '240', 'Guinée équatoriale', 'Guinée équatorienne', 1),
	('GRC', 'GR', '30', 'Grèce', 'grecque', 3),
	('GRL', 'GL', '299', 'Groenland', 'Groenlandaise', 2),
	('GTM', 'GT', '502', 'Guatemala', 'guatémaltèque', 2),
	('GUM', 'GU', '1 671', 'Guam', 'Guamaise', 4),
	('GUY', 'GY', '592', 'Guyana', 'Guyanaise', 2),
	('HKG', 'HK', '852', 'Hong Kong', 'Hong Kongaise', 5),
	('HND', 'HN', '504', 'Honduras', 'Hondurienne', 2),
	('HRV', 'HR', '385', 'Croatie', 'Croatienne', 3),
	('HTI', 'HT', '509', 'Haïti', 'Haïtienne', 2),
	('HUN', 'HU', '36', 'Hongrie', 'Hongroise', 3),
	('IDN', 'ID', '62', 'Indonésie', 'Indonésienne', 5),
	('IMN', 'IM', '44', 'Île de Man', 'Île de Man', 3),
	('IND', 'IN', '91', 'Inde', 'Indienne', 5),
	('IRL', 'IE', '353', 'Irlande', 'Irlandaise', 3),
	('IRN', 'IR', '98', 'Iran', 'Iranaise', 5),
	('IRQ', 'IQ', '964', 'Irak', 'Irakienne', 5),
	('ISL', 'IS', '354', 'Islande', 'Islandaise', 3),
	('ISR', 'IL', '972', 'Israël', 'Israelienne', 5),
	('ITA', 'IT', '39', 'Italie', 'Italienne', 3),
	('JAM', 'JM', '1', 'Jamaïque', 'Jamaïcaine', 2),
	('JOR', 'JO', '962', 'Jordanie', 'Jordanienne', 5),
	('JPN', 'JP', '81', 'Japon', 'Japonnaise', 5),
	('KAZ', 'KZ', '7', 'Kazakhstan', 'Kazakhstan', 5),
	('KEN', 'KE', '254', 'Kenya', 'kényane', 1),
	('KGZ', 'KG', '996', 'Kirghizistan', 'Kirghizistan', 5),
	('KHM', 'KH', '855', 'Cambodge', 'Cambodgienne', 5),
	('KIR', 'KI', '686', 'Kiribati', 'Kiribatienne', 4),
	('KNA', 'KN', '1', 'Saint-Christophe-et-Niévès', 'Saint-Christophe-et-Niévès', 2),
	('KOR', 'KR', '82', 'Corée du Sud', 'Sud Coréenne', 5),
	('KWT', 'KW', '965', 'Koweït', 'Koweïtienne', 5),
	('LAO', 'LA', '856', 'Laos', 'Laosienne', 5),
	('LBN', 'LB', '961', 'Liban', 'Libanaise', 5),
	('LBR', 'LR', '231', 'Liberia', 'Liberienne', 1),
	('LBY', 'LY', '218', 'Libye', 'Libyienne', 1),
	('LCA', 'LC', '1', 'Sainte-Lucie', '', 2),
	('LIE', 'LI', '423', 'Liechtenstein', 'liechtensteinoise', 3),
	('LKA', 'LK', '94', 'Sri Lanka', 'sri-lankaise', 5),
	('LSO', 'LS', '266', 'Lesotho', 'lesothane', 1),
	('LTU', 'LT', '370', 'Lituanie', 'Lituanienne', 3),
	('LUX', 'LU', '352', 'Luxembourg', 'luxembourgeoise', 3),
	('LVA', 'LV', '371', 'Lettonie', 'Lettonienne', 3),
	('MAF', 'MF', '1 599', 'Saint-Martin', 'saint-martinienne', 2),
	('MAR', 'MA', '212', 'Maroc', 'Marocaine', 1),
	('MCO', 'MC', '377', 'Monaco', 'monégasque ', 3),
	('MDA', 'MD', '373', 'Moldavie', 'Moldaves ', 3),
	('MDG', 'MG', '261', 'Madagascar', 'malgaches', 1),
	('MDV', 'MV', '960', 'Maldives', 'Maldivienne', 5),
	('MEX', 'MX', '52', 'Mexique', 'Maxicaine', 2),
	('MHL', 'MH', '692', 'Îles Marshall', 'marshallaise', 4),
	('MKD', 'MK', '389', 'Macédoine', 'Macédoinienne', 3),
	('MLI', 'ML', '223', 'Mali', 'Malienne', 1),
	('MLT', 'MT', '356', 'Malte', 'maltaise ', 3),
	('MMR', 'MM', '95', 'Birmanie', 'Birmane ', 5),
	('MNE', 'ME', '382', 'Monténégro', 'monténégrine', 3),
	('MNG', 'MN', '976', 'Mongolie', 'mongole', 5),
	('MNP', 'MP', '1 670', 'Îles Mariannes du Nord', 'Mariannienne', 4),
	('MOZ', 'MZ', '258', 'Mozambique', 'Mozambicaine', 1),
	('MRT', 'MR', '222', 'Mauritanie', 'Mauritanienne', 1),
	('MSR', 'MS', '1 664', 'Montserrat', 'Montserrat', 2),
	('MUS', 'MU', '230', 'Île Maurice', 'Île Mauricienne', 1),
	('MWI', 'MW', '265', 'Malawi', 'Malawite', 1),
	('MYS', 'MY', '60', 'Malaisie', 'MalaisieNNE', 5),
	('NAM', 'NA', '264', 'Namibie', 'Namibienne', 1),
	('NCL', 'NC', '687', 'Nouvelle-Calédonie', 'Calédoniene', 4),
	('NER', 'NE', '227', 'Niger', 'Nigerienne', 1),
	('NFK', 'NF', '672', 'Île Norfolk', 'Île Norfolk', 4),
	('NGA', 'NG', '234', 'Nigéria', 'Nigeriane', 1),
	('NIC', 'NI', '505', 'Nicaragua', 'Nicaraguayenne', 2),
	('NIU', 'NU', '683', 'Nioué', 'niouéenne', 4),
	('NLD', 'NL', '31', 'Pays-Bas', 'néerlandaise', 3),
	('NOR', 'NO', '47', 'Norvège', 'Norvégienne', 3),
	('NPL', 'NP', '977', 'Népal', 'Népalaise', 5),
	('NRU', 'NR', '674', 'Nauru', 'Nauruane', 4),
	('NZL', 'NZ', '64', 'Nouvelle-Zélande', ' néo-zélandaise', 4),
	('OMN', 'OM', '968', 'Oman', 'Omanaise', 5),
	('PAK', 'PK', '92', 'Pakistan', 'Pakistanaise', 5),
	('PAN', 'PA', '507', 'Panama', 'panameenne', 2),
	('PCN', 'PN', '870', 'Îles Pitcairn', 'Pitcairnaise', 4),
	('PER', 'PE', '51', 'Pérou', 'Péruvienne', 2),
	('PHL', 'PH', '63', 'Philippines', 'Phippiennes', 5),
	('PLW', 'PW', '680', 'Palaos', 'Palaosienne', 4),
	('PNG', 'PG', '675', 'Papouasie-Nouvelle-Guinée', 'Papouasie-Nouvelle-Guinée', 4),
	('POL', 'PL', '48', 'Pologne', 'Polonaise', 3),
	('PRI', 'PR', '1', 'Porto Rico', 'Porto Ricaine', 2),
	('PRK', 'KP', '850', 'Corée du Nord', 'Nord Coréenne', 5),
	('PRT', 'PT', '351', 'Portugal', 'Portugaise', 3),
	('PRY', 'PY', '595', 'Paraguay', 'Paraguayenne', 2),
	('PYF', 'PF', '689', 'Polynésie Française', 'Française', 4),
	('QAT', 'QA', '974', 'Qatar', 'Qatarienne', 5),
	('REU', 'RE', '262', 'La Réunion', 'Réunionaise', 1),
	('ROU', 'RO', '40', 'Roumanie', 'Roumaine', 3),
	('RUS', 'RU', '7', 'Russie', 'Russe', 3),
	('RWA', 'RW', '250', 'Rwanda', 'Rwandaise', 1),
	('SAU', 'SA', '966', 'Arabie saoudite', 'Saoudienne ', 5),
	('SDN', 'SD', '249', 'Soudan', 'soudannaise', 1),
	('SEN', 'SN', '221', 'Sénégal', 'Sénégalaise', 1),
	('SGP', 'SG', '65', 'Singapour', 'singapourienne', 5),
	('SHN', 'SH', '290', 'Sainte-Hélène', 'Française', 1),
	('SLB', 'SB', '677', 'Îles Salomon', 'salomonienne', 4),
	('SLE', 'SL', '232', 'Sierra Leone', 'Sierra Leonaise', 1),
	('SLV', 'SV', '503', 'El Salvador', 'Salvadorienne', 2),
	('SMR', 'SM', '378', 'Saint-Marin', 'Saint-Marinaise', 3),
	('SOM', 'SO', '252', 'Somalie', 'Somalienne', 1),
	('SPM', 'PM', '508', 'Saint-Pierre et Miquelon', 'Française', 2),
	('SRB', 'RS', '381', 'Serbie', 'Serbe', 3),
	('SSD', 'SS', '211', 'Soudan du Sud', 'Soudanaise', 1),
	('STP', 'ST', '239', 'Sao Tomé-et-Principe', 'Française', 1),
	('SUR', 'SR', '597', 'Suriname', 'Surinamienne', 2),
	('SVK', 'SK', '421', 'Slovaquie', 'Slovaque', 3),
	('SVN', 'SI', '386', 'Slovénie', 'Slovène', 3),
	('SWE', 'SE', '46', 'Suède', 'Suédoise', 3),
	('SWZ', 'SZ', '268', 'Swaziland', 'Swazilandaise', 1),
	('SYC', 'SC', '248', 'Seychelles', 'Française', 1),
	('SYR', 'SY', '963', 'Syrie', 'Syrienne', 5),
	('TCD', 'TD', '235', 'Tchad', 'Tchadienne', 1),
	('TGO', 'TG', '228', 'Togo', 'Togolaise', 1),
	('THA', 'TH', '66', 'Thaïlande', 'Taïlandaise', 5),
	('TJK', 'TJ', '992', 'Tadjikistan', 'Tadjikistanaise', 5),
	('TKL', 'TK', '690', 'Tokelau', 'Tokelau', 4),
	('TKM', 'TM', '993', 'Turkmenistan', 'turkmène', 5),
	('TLS', 'TL', '670', 'Timor Oriental', 'timoraise ', 4),
	('TTO', 'TT', '1', 'Trinité-et-Tobago', 'trinidadienne', 2),
	('TUN', 'TN', '216', 'Tunisie', 'Tunisienne', 1),
	('TUR', 'TR', '90', 'Turquie', 'Turque', 5),
	('TUV', 'TV', '688', 'Tuvalu', 'Tuvaluane', 4),
	('TWN', 'TW', '886', 'Taiwan', 'Taiwanaise', 5),
	('TZA', 'TZ', '255', 'Tanzanie', 'Tanzanienne', 1),
	('UGA', 'UG', '256', 'Ouganda', 'Ougandaise', 1),
	('UKR', 'UA', '380', 'Ukraine', 'ukrainienne', 3),
	('URY', 'UY', '598', 'Uruguay', 'Uruguayienne', 2),
	('USA', 'US', '1', 'États-Unis', 'Américaine', 2),
	('UZB', 'UZ', '998', 'Ouzbékistan', 'Ouzbékistan', 5),
	('VAT', 'VA', '39', 'Vatican', 'vaticane', 3),
	('VCT', 'VC', '1', 'Saint-Vincent-et-les Grenadines', 'Saint-Vincent-et-les Grenadines', 2),
	('VEN', 'VE', '58', 'Venezuela', 'Venezuelienne', 2),
	('VGB', 'VG', '1 284', 'Îles Vierges', 'Îles Vierges', 2),
	('VNM', 'VN', '84', 'Viêt Nam', 'Viêt Namienne', 5),
	('VUT', 'VU', '678', 'Vanuatu', 'Vanuatu', 4),
	('WSM', 'WS', '685', 'Samoa', 'samoane', 4),
	('XKX', 'XK', '381', 'Kosovo', 'kosovare', 3),
	('YEM', 'YE', '967', 'Yémen', 'Yéménite', 5),
	('ZAF', 'ZA', '27', 'Afrique du Sud', 'Sud Africaine', 1),
	('ZMB', 'ZM', '260', 'Zambie', 'Zambienne', 1),
	('ZWE', 'ZW', '263', 'Zimbabwe', 'Zimbabwéenne', 1);
/*!40000 ALTER TABLE `pays_nationalite` ENABLE KEYS */;

-- Listage de la structure de la table croixrouge2021. personne
CREATE TABLE IF NOT EXISTS `personne` (
  `idpersonne` int NOT NULL AUTO_INCREMENT,
  `personne_immat` varchar(150) NOT NULL DEFAULT '',
  `personne_numero_fiche` varchar(150) NOT NULL DEFAULT '',
  `personne_nouvel_adherent` varchar(150) NOT NULL DEFAULT '' COMMENT 'OUI si ancien volontaire',
  `personne_civilite` varchar(150) NOT NULL DEFAULT '',
  `codepostale` varchar(150) NOT NULL DEFAULT '',
  `personne_nom` varchar(150) NOT NULL,
  `personne_prenom` varchar(200) NOT NULL,
  `personne_date_naiss` date DEFAULT NULL,
  `personne_pays_naiss` varchar(50) DEFAULT NULL,
  `personne_pays_nationalite` varchar(50) DEFAULT NULL,
  `personne_ville_naiss` int DEFAULT NULL,
  `personne_commune_naiss` int DEFAULT NULL,
  `personne_ville_habitation` int DEFAULT NULL,
  `lieuDeNaissance` varchar(850) DEFAULT NULL,
  `personne_situation_mat` int DEFAULT NULL,
  `personne_commune_habitation` int DEFAULT NULL,
  `personne_antecedent_medic` varchar(150) DEFAULT NULL,
  `personne_activite` varchar(150) DEFAULT NULL,
  `personne_qualification` varchar(150) DEFAULT NULL,
  `personne_telephone_1` varchar(150) DEFAULT NULL,
  `personne_telephone_2` varchar(150) DEFAULT NULL,
  `personne_telephone_3` varchar(150) DEFAULT NULL,
  `personne_quartier_habitation` longtext,
  `personne_email` varchar(150) DEFAULT NULL,
  `personne_nom_urgence` varchar(450) DEFAULT NULL,
  `personne_profil` int DEFAULT '1',
  `personne_prenom_urgence` varchar(450) DEFAULT NULL,
  `personne_tel_urgence` varchar(450) DEFAULT NULL,
  `personne_nom_mere` varchar(450) DEFAULT 'NON',
  `personne_nationalite_mere` varchar(50) DEFAULT NULL,
  `personne_etat_mere` varchar(50) DEFAULT NULL,
  `personne_prenom_mere` varchar(450) DEFAULT 'NON',
  `personne_email_urgence` varchar(450) DEFAULT NULL,
  `personne_avoir_permis` varchar(450) DEFAULT 'NON',
  `personne_nom_pere` varchar(450) DEFAULT 'NON',
  `personne_prenom_pere` varchar(450) DEFAULT 'NON',
  `personne_numero_permis` varchar(450) DEFAULT 'NON',
  `personne_nationalite_pere` varchar(50) DEFAULT NULL,
  `personne_etat_pere` varchar(50) DEFAULT NULL,
  `fonctionCR_idfonctionCR` int DEFAULT NULL,
  `profession_idprofession` int DEFAULT NULL,
  `groupeSanguin` int DEFAULT NULL,
  `comiteActuel` int DEFAULT NULL,
  `TypePiece` int DEFAULT NULL,
  `NumerPiece` varchar(150) DEFAULT NULL,
  `personne_niveau_etude` varchar(50) DEFAULT NULL,
  `personne_ville_urgence` int DEFAULT NULL,
  `personne_commune_urgence` int DEFAULT NULL,
  `personne_quartier_urgence` longtext CHARACTER SET utf8 COLLATE utf8_general_ci,
  `personne_top_valide` int DEFAULT '1',
  `created_at` datetime DEFAULT NULL,
  `updated_at` datetime DEFAULT NULL,
  PRIMARY KEY (`personne_immat`),
  KEY `fk_personne_profil1_idx` (`personne_profil`),
  KEY `fk_personne_ville1_idx` (`personne_ville_habitation`),
  KEY `fk_personne_commune1_idx` (`personne_commune_habitation`),
  KEY `fk_personne_ville2_idx` (`personne_ville_naiss`),
  KEY `fk_personne_commune2_idx` (`personne_commune_naiss`),
  KEY `fk_personne_fonctionCR1_idx` (`fonctionCR_idfonctionCR`),
  KEY `fk_personne_profession1_idx` (`profession_idprofession`),
  KEY `idpersonne` (`idpersonne`),
  KEY `personne_pays_naiss` (`personne_pays_naiss`),
  KEY `FK_personne_groupesanguin` (`groupeSanguin`),
  KEY `personne_pays_nationalite` (`personne_pays_nationalite`),
  KEY `FK_personne_comite` (`comiteActuel`),
  KEY `TypePiece` (`TypePiece`),
  KEY `personne_nationalite_mere` (`personne_nationalite_mere`),
  KEY `personne_nationalite_pere` (`personne_nationalite_pere`),
  KEY `personne_situation_mat` (`personne_situation_mat`),
  CONSTRAINT `FK_personne_comite` FOREIGN KEY (`comiteActuel`) REFERENCES `comite` (`idcomite`) ON UPDATE CASCADE,
  CONSTRAINT `fk_personne_commune1` FOREIGN KEY (`personne_commune_habitation`) REFERENCES `commune` (`idcommune`),
  CONSTRAINT `fk_personne_commune2` FOREIGN KEY (`personne_commune_naiss`) REFERENCES `commune` (`idcommune`),
  CONSTRAINT `fk_personne_fonctionCR1` FOREIGN KEY (`fonctionCR_idfonctionCR`) REFERENCES `fonctioncr` (`idfonctionCR`),
  CONSTRAINT `FK_personne_groupesanguin` FOREIGN KEY (`groupeSanguin`) REFERENCES `groupesanguin` (`idGroupeSanguin`) ON UPDATE CASCADE,
  CONSTRAINT `FK_personne_pays_nationalite` FOREIGN KEY (`personne_pays_naiss`) REFERENCES `pays_nationalite` (`PAYS_CODE`),
  CONSTRAINT `fk_personne_profession1` FOREIGN KEY (`profession_idprofession`) REFERENCES `profession` (`idprofession`),
  CONSTRAINT `fk_personne_profil1` FOREIGN KEY (`personne_profil`) REFERENCES `profil` (`idprofil`),
  CONSTRAINT `FK_personne_situation_matrimoniale` FOREIGN KEY (`personne_situation_mat`) REFERENCES `situation_matrimoniale` (`idSitMat`) ON UPDATE CASCADE,
  CONSTRAINT `FK_personne_typepiece` FOREIGN KEY (`TypePiece`) REFERENCES `typepiece` (`idTypePiece`) ON UPDATE CASCADE,
  CONSTRAINT `fk_personne_ville1` FOREIGN KEY (`personne_ville_habitation`) REFERENCES `villes` (`VIL_IDENTIFIANT`) ON UPDATE CASCADE,
  CONSTRAINT `fk_personne_ville2` FOREIGN KEY (`personne_ville_naiss`) REFERENCES `villes` (`VIL_IDENTIFIANT`) ON UPDATE CASCADE,
  CONSTRAINT `FK_personne_villes` FOREIGN KEY (`personne_pays_nationalite`) REFERENCES `pays_nationalite` (`PAYS_CODE`)
) ENGINE=InnoDB AUTO_INCREMENT=88 DEFAULT CHARSET=utf8;

-- Listage des données de la table croixrouge2021.personne : ~79 rows (environ)
/*!40000 ALTER TABLE `personne` DISABLE KEYS */;
REPLACE INTO `personne` (`idpersonne`, `personne_immat`, `personne_numero_fiche`, `personne_nouvel_adherent`, `personne_civilite`, `codepostale`, `personne_nom`, `personne_prenom`, `personne_date_naiss`, `personne_pays_naiss`, `personne_pays_nationalite`, `personne_ville_naiss`, `personne_commune_naiss`, `personne_ville_habitation`, `lieuDeNaissance`, `personne_situation_mat`, `personne_commune_habitation`, `personne_antecedent_medic`, `personne_activite`, `personne_qualification`, `personne_telephone_1`, `personne_telephone_2`, `personne_telephone_3`, `personne_quartier_habitation`, `personne_email`, `personne_nom_urgence`, `personne_profil`, `personne_prenom_urgence`, `personne_tel_urgence`, `personne_nom_mere`, `personne_nationalite_mere`, `personne_etat_mere`, `personne_prenom_mere`, `personne_email_urgence`, `personne_avoir_permis`, `personne_nom_pere`, `personne_prenom_pere`, `personne_numero_permis`, `personne_nationalite_pere`, `personne_etat_pere`, `fonctionCR_idfonctionCR`, `profession_idprofession`, `groupeSanguin`, `comiteActuel`, `TypePiece`, `NumerPiece`, `personne_niveau_etude`, `personne_ville_urgence`, `personne_commune_urgence`, `personne_quartier_urgence`, `personne_top_valide`, `created_at`, `updated_at`) VALUES
	(64, '0000436', 'F - 435009', 'NON', 'Mr', '', 'ADIKO', 'YABO CHARLES', '1990-05-12', 'CIV', 'CIV', 299, 320, 1, NULL, 1, 3, NULL, 'medecin interne au CHU de Tiebissou', 'medecine generaliste', '04890089', NULL, NULL, NULL, NULL, 'SERY', 1, 'DORCAS', '04357809', NULL, 'CIV', '', NULL, NULL, 'NON', NULL, NULL, '', 'CIV', '', 1, 3, 6, 80, 1, 'C 5647 9089 34', NULL, NULL, NULL, NULL, 1, '2021-05-30 20:24:26', '2021-05-30 20:24:26'),
	(67, '00007567', 'F-2145 8768 34', 'NON', 'Mr', '', 'CISSE', 'BAMORY', '1987-04-02', 'CIV', 'CIV', 19, 168, 1, NULL, 0, 0, NULL, NULL, 'coordonier', '02345656', NULL, NULL, NULL, 'cisse@gmail.com', 'OULAI', 1, 'ADAMS', '44567787', NULL, 'CIV', '', NULL, NULL, 'NON', NULL, NULL, '', 'CIV', '', 1, 28, 1, 80, 1, 'C 0899 9987 90', NULL, NULL, NULL, NULL, 1, '2021-05-30 20:24:26', '2021-05-30 20:24:26'),
	(72, '00007867', 'F-76567', 'NON', 'Mr', '', 'AKA', 'JEREMIE', '1978-02-11', 'CIV', 'CIV', 1, 16, 1, NULL, 1, 8, NULL, NULL, NULL, '08924355', NULL, NULL, NULL, 'ser@gmail.com', 'ATTIEN', 1, 'SILLAS', '02134343', NULL, 'CIV', '', NULL, NULL, 'NON', NULL, NULL, '', 'CIV', '', 4, 39, 5, 80, 1, 'C 8978 5545 90', NULL, NULL, NULL, NULL, 1, '2021-05-30 20:24:26', '2021-05-30 20:24:26'),
	(74, '000576', 'F-3344', 'NON', 'Mr', '', 'GREMINO', 'ADOLPHE', '1978-08-07', 'CIV', 'CIV', 18, 44, 37, NULL, 1, 18, NULL, NULL, NULL, '08900087', NULL, NULL, NULL, NULL, 'SIDIBE', 1, 'MARIAME', '04342612', NULL, 'CIV', '', NULL, NULL, 'NON', NULL, NULL, '', 'CIV', '', 1, 134, 3, 80, 1, 'C 9865 0989 34', NULL, NULL, NULL, NULL, 1, '2021-05-30 20:24:26', '2021-05-30 20:24:26'),
	(68, '0008987', 'F-4234', 'NON', 'Mr', '', 'FROKI', 'FREGUS', '1986-03-09', 'CIV', 'CIV', 75, 4, 1, NULL, 1, 4, NULL, NULL, NULL, '03789009', NULL, NULL, NULL, NULL, 'ADIGBATE', 1, 'JONAS', '09878767', NULL, 'CIV', '', NULL, NULL, 'NON', NULL, NULL, '', 'CIV', '', 1, 18, 1, 80, 1, 'C 8978 7867 99', NULL, NULL, NULL, NULL, 1, '2021-05-30 20:24:26', '2021-05-30 20:24:26'),
	(70, '0089RT', 'F-XDER', 'NON', 'Mr', '', 'NIAMIEN', 'CEDRIC', '1977-07-08', 'CIV', 'CIV', 1, 3, 1, NULL, 1, 13, NULL, NULL, NULL, '09897632', NULL, NULL, NULL, NULL, 'DIABATE', 1, 'KADER', '78980090', NULL, 'CIV', '', NULL, NULL, 'NON', NULL, NULL, '', 'CIV', '', 3, 169, 1, 80, 1, 'C 9890 5676 78', NULL, NULL, NULL, NULL, 1, '2021-05-30 20:24:26', '2021-05-30 20:24:26'),
	(66, '00989', 'F-54639', 'NON', 'Mr', '', 'DIABY', 'MATROU', '1980-09-03', 'CIV', 'CIV', 1, 3, 1, NULL, 1, 3, NULL, NULL, 'PATISSIER', '08908800', NULL, NULL, NULL, 'diabymatrou@gmail.com', 'N\'GUETTA', 1, 'CARINE', '08780089', NULL, 'CIV', '', NULL, NULL, 'NON', NULL, NULL, '', 'CIV', '', 1, 25, 1, 80, 1, 'C 0890 4568 23', NULL, NULL, NULL, NULL, 1, '2021-05-30 20:24:26', '2021-05-30 20:24:26'),
	(59, 'ANCIEN-MAT-2019-ZPQ', '2310098CDZ', 'NON', 'Mr', '', 'MADINGA', 'Aliou Stephane', '1990-09-21', 'CIV', 'CIV', 532, 553, 1, NULL, 0, 0, NULL, NULL, 'commerçante magasinier', '43566500', NULL, NULL, NULL, 'madinga@gmail.com', 'SIOULA', 1, 'Aliou Stephane', '43767888', NULL, 'CIV', '', NULL, NULL, 'OUI', NULL, NULL, 'P-78980', 'CIV', '', 1, 4, 1, 2, 1, 'C 6574 7867 34', NULL, NULL, NULL, NULL, 1, '2021-05-30 20:24:26', '2021-05-30 20:24:26'),
	(71, 'ANTI-ROUILLE', 'F-9876 6545 6', 'NON', 'Mr', '', 'BONI', 'ANGELO', '1978-08-02', 'CIV', 'CIV', 1, 4, 1, NULL, 1, 4, NULL, NULL, NULL, '01012343', NULL, NULL, NULL, NULL, 'VENON', 1, 'ACHILE', '04324566', NULL, 'CIV', '', NULL, NULL, 'NON', NULL, NULL, '', 'CIV', '', 3, 35, 4, 80, 1, 'C 0890 5467 33', NULL, NULL, NULL, NULL, 1, '2021-05-30 20:24:26', '2021-05-30 20:24:26'),
	(77, 'AZERTYUIOP', 'F-0978²', 'NON', 'Mr', '', 'KANGA', 'ALBERT', '1978-03-10', 'CIV', 'CIV', 1, 23, 1, NULL, 0, 42, NULL, NULL, NULL, '03457877', NULL, NULL, NULL, NULL, 'ACHI', 1, 'LOUIS', '03567745', NULL, 'CIV', '', NULL, NULL, 'NON', NULL, NULL, '', 'CIV', '', 1, 183, 1, 1, 1, 'C 8669 4356 21', NULL, NULL, NULL, NULL, 1, '2021-05-30 20:24:26', '2021-05-30 20:24:26'),
	(87, 'CRCI 2020 C67 2435', '', 'NON', 'Mr', '', 'BLIN HOUIN', 'Bruno Valérie', '1987-04-12', 'CIV', 'CIV', 1, 5, 1, 'hopital Adjamé bingerville', 0, 5, NULL, NULL, 'expert en structuration financière', '0545000054', '0103030030', '2122340089', 'Nouvelle gare d\'adjamé bingerville', 'sirdecotedivoire@sir.ci', 'KOFFI', 1, 'AYA JULIETTE', '0574859001', 'BLEU', 'CIV', '', 'TATIANA', NULL, 'NON', 'BLIN HOUIN', 'Marcel', 'P-2345', 'CIV', '', 1, NULL, 3, 79, 1, 'C-026399', 'BAC + 5', NULL, NULL, 'BINGERVILLE, vers le petit marché', 1, '2021-06-06 13:03:02', '2021-06-06 13:03:02'),
	(79, 'CRCI-1978-56-000067', 'F-7654 7876 89', 'NON', 'Mr', '', 'DERICK', 'JOASHIN', '1976-07-21', 'CIV', 'CIV', 1, 0, 1, NULL, 1, 2, NULL, NULL, NULL, '09890078', NULL, NULL, NULL, NULL, 'SEKA', 1, 'NORBERT', '09786675', NULL, 'CIV', '', NULL, NULL, 'NON', NULL, NULL, '', 'CIV', '', 1, 1, 1, 80, 1, 'C 0890 7867 89', NULL, NULL, NULL, NULL, 1, '2021-05-30 20:24:26', '2021-05-30 20:24:26'),
	(81, 'CRCI-1980-5-00089', 'F-32408', 'NON', 'Mr', '', 'KOUAKOU', 'JEAN FIRMIN', '1976-03-21', 'CIV', 'CIV', 1, 22, 1, NULL, 1, 2, NULL, NULL, NULL, '07675688', NULL, NULL, NULL, NULL, 'SOLO', 1, 'YVETTE', '65453345', NULL, 'CIV', '', NULL, NULL, 'NON', NULL, NULL, '', 'CIV', '', 3, 15, 1, 80, 1, 'C 0089 6568 9', NULL, NULL, NULL, NULL, 1, '2021-05-30 20:24:26', '2021-05-30 20:24:26'),
	(65, 'CRCI-2008-34-00897', 'F-89008', 'NON', 'Mr', '', 'ADEKA', 'NEGABO JOACHIN', '1978-04-13', 'CIV', 'CIV', 1088, 4, 1, NULL, 1, 3, NULL, 'entrepreneur', 'commerçante de produit phyto', '03435566', NULL, NULL, NULL, NULL, 'ADEGUE', 1, 'SIMPLICE', '09008900', NULL, 'CIV', '', NULL, NULL, 'OUI', NULL, NULL, 'P-3455V98', 'CIV', '', 1, 4, 1, 80, 1, 'C 5647 8769 43', NULL, NULL, NULL, NULL, 1, '2021-05-30 20:24:26', '2021-05-30 20:24:26'),
	(75, 'CRCI-2014-35-00865', 'F-3467', 'NON', 'Mr', '', 'DIAKITE', 'BOUBA', '1978-09-12', 'FRA', 'CIV', 1, 0, 1, NULL, 0, 22, NULL, NULL, NULL, '05657567', NULL, NULL, NULL, NULL, 'SERY', 1, 'ALBERT', '03456754', NULL, 'CIV', '', NULL, NULL, 'NON', NULL, NULL, '', 'CIV', '', 1, 28, 1, 80, 1, 'C 8768 3463 21', NULL, NULL, NULL, NULL, 1, '2021-05-30 20:24:26', '2021-05-30 20:24:26'),
	(78, 'CRCI-2017-43-008976', 'F-35609', 'NON', 'Mr', '', 'ZERBO', 'ZEPHIRIN', '1977-09-10', 'BFA', 'CIV', 1, 0, 1, NULL, 1, 6, NULL, NULL, NULL, '07675645', NULL, NULL, NULL, NULL, 'ADIKO', 1, 'CLEMENT', '89776576', NULL, 'CIV', '', NULL, NULL, 'NON', NULL, NULL, '', 'CIV', '', 1, 45, 1, 80, 1, 'C 5674 9867 34', NULL, NULL, NULL, NULL, 1, '2021-05-30 20:24:26', '2021-05-30 20:24:26'),
	(80, 'CRCI-2018-21-000067', 'F-0098', 'NON', 'Mr', '', 'BEDIA', 'CLEMENT', '1985-03-12', 'CIV', 'CIV', 1, 23, 1, NULL, 1, 8, NULL, NULL, NULL, '08907786', NULL, NULL, NULL, NULL, 'DIABY', 1, 'ABEL', '78987789', NULL, 'CIV', '', NULL, NULL, 'NON', NULL, NULL, '', 'CIV', '', 1, 24, 1, 80, 1, 'C 7685 4653 89', NULL, NULL, NULL, NULL, 1, '2021-05-30 20:24:26', '2021-05-30 20:24:26'),
	(61, 'CRCI-2020-C-', '8689ZESE', 'OUI', 'Mr', '', 'BIDOUBA', 'Jean Charles', '1987-05-23', 'CIV', 'CIV', 997, 1018, 1, NULL, 0, 4, NULL, NULL, 'expert en communication', '43567766', NULL, NULL, NULL, NULL, 'KOUROUMA', 1, 'ADAMA', '89009009', NULL, 'CIV', '', NULL, NULL, 'NON', NULL, NULL, '', 'CIV', '', 1, 6, 1, NULL, 4, 'ERFD-0994', NULL, NULL, NULL, NULL, 1, '2021-05-30 20:24:26', '2021-05-30 20:24:26'),
	(62, 'CRCI-2020-C-0062', '2310098CDF', 'OUI', 'Mr', '', 'HENRY', 'FORCAS', '1987-04-12', 'CIV', 'CIV', 1, 1, 1, NULL, 0, 1, NULL, NULL, 'boy cuisinier', '01723687', NULL, NULL, NULL, NULL, 'KOUROUMA', 1, 'ADAMA', '08900091', NULL, 'CIV', '', NULL, NULL, 'NON', NULL, NULL, '', 'CIV', '', 1, 1, 1, NULL, 1, 'C 0890 5676 98', NULL, NULL, NULL, NULL, 1, '2021-05-30 20:24:26', '2021-05-30 20:24:26'),
	(16, 'CRCI-2020-C1-16', '', '', 'Mr', '', 'Djamara', 'Edjuhe Cyrille', '1995-12-04', 'CIV', 'ABW', 1, 1, 1, NULL, 0, 1, NULL, 'gerant de vitrine pour verre pharmaceutique', 'doctorant en mathematique', '45263626', NULL, NULL, NULL, NULL, 'Djamara', 1, 'Edjuhe Cyrille', '41256300', 'NON', 'CIV', '', 'NON', 'drf@gmail.com', 'NON', 'NON', 'NON', '', 'CIV', '', 1, 4, 1, 1, 1, 'C 0012 5435 89', NULL, NULL, NULL, NULL, 1, '2021-05-30 20:24:26', '2021-05-30 20:24:26'),
	(24, 'CRCI-2020-C1-24', '', '', 'Mr', '', 'Antonie', 'Jean Cedric', '1986-04-10', 'MLI', 'MLI', 1, 1, 1, NULL, NULL, 1, NULL, 'proprietaire gerant de pharmacie', 'chirurgien', '45263626', NULL, NULL, NULL, 'akal@gmail.com', 'N\'Gaman', 1, 'Fabrice', '41256300', 'NON', '0', NULL, 'NON', '41256300', NULL, 'NON', 'NON', 'NON', '0', NULL, 1, 1, 1, 1, 1, 'C 0012 5435 89', NULL, NULL, NULL, NULL, 1, '2021-05-30 20:24:26', '2021-05-30 20:24:26'),
	(25, 'CRCI-2020-C1-25', '', '', 'Mr', '', 'Assouan', 'Alfred', '1996-02-10', 'BFA', 'BFA', 1, 1, 1, NULL, NULL, 8, NULL, 'proprietaire gerant de pharmacie', 'pharmacienne', '45000054', NULL, NULL, NULL, 'mikimiki@gmail.com', 'Aka', 1, 'Houle', '41256300', 'NON', '0', NULL, 'NON', '41256300', NULL, 'NON', 'NON', 'NON', '0', NULL, 1, 1, 1, 1, 1, 'C 0012 5435 89', NULL, NULL, NULL, NULL, 1, '2021-05-30 20:24:26', '2021-05-30 20:24:26'),
	(26, 'CRCI-2020-C1-26', '', '', 'Mr', '', 'Eboue', 'Severin', '1965-05-14', 'CIV', 'BDI', 1, 1, 1, NULL, 1, 1, NULL, 'proprietaire gerant de pharmacie', 'pharmacienne', '45263626', NULL, NULL, NULL, 'ablapokou@gmail.com', 'N\'cho', 1, 'Severin', '41256300', 'NON', 'CIV', '', 'NON', NULL, 'NON', 'NON', 'NON', '', 'CIV', '', 1, 1, 1, 1, 1, 'C 0012 5435 89', NULL, NULL, NULL, NULL, 1, '2021-05-30 20:24:26', '2021-05-30 20:24:26'),
	(27, 'CRCI-2020-C1-27', '', '', 'Mr', '', 'Aka', 'Jean Marie', '1986-02-10', 'BFA', 'BFA', 1, 1, 1, NULL, NULL, 1, NULL, 'proprietaire gerant de pharmacie', 'pharmacienne', '45263626', NULL, NULL, NULL, 'mikimiki@gmail.com', 'N\'goran', 1, 'Clovis', '41256300', 'NON', '0', NULL, 'NON', '41256300', NULL, 'NON', 'NON', 'NON', '0', NULL, 1, 1, 1, 1, 1, 'C 0012 5435 89', NULL, NULL, NULL, NULL, 1, '2021-05-30 20:24:26', '2021-05-30 20:24:26'),
	(28, 'CRCI-2020-C1-28', '', '', 'Mr', '', 'Sery', 'Gaspard Jean Edgar', '1958-04-12', 'ABW', 'ABW', 1, 1, 1, NULL, NULL, 1, 'accident', 'vendeur de poulet au marché', 'commerçante', '57000075', NULL, NULL, NULL, 'ahou@gmail.com', 'N\'Gaman', 1, 'Augustin', '41256300', 'NON', '0', NULL, 'NON', '41256300', NULL, 'NON', 'NON', 'NON', '0', NULL, 1, 4, 1, 1, 1, 'C 0012 3025 89', NULL, NULL, NULL, NULL, 1, '2021-05-30 20:24:26', '2021-05-30 20:24:26'),
	(29, 'CRCI-2020-C1-29', '', '', 'Mr', '', 'Sery', 'Gaspard', '1985-10-10', 'MLI', 'MLI', 1, 1, 1, NULL, NULL, 1, NULL, 'proprietaire gerant de pharmacie', 'pharmacienne', '45263626', NULL, NULL, NULL, 'akal@gmail.com', 'N\'Gaman', 1, 'Clovis', '41256300', 'NON', '0', NULL, 'NON', '41256300', NULL, 'NON', 'NON', 'NON', '0', NULL, 1, 1, 1, 1, 1, 'C 0012 5435 89', NULL, NULL, NULL, NULL, 1, '2021-05-30 20:24:26', '2021-05-30 20:24:26'),
	(31, 'CRCI-2020-C1-31', '', '', 'Mr', '', 'Becho', 'Jean Brice', '1985-05-10', 'ARE', 'AGO', 1, 1, 1, NULL, NULL, 1, NULL, 'gerant de vitrine pour verre pharmaceutique', 'pharmacienne', '45263626', NULL, NULL, NULL, 'ahou@gmail.com', 'N\'Gaman', 1, 'Clovis', '74859001', 'NON', '0', NULL, 'NON', '74859001', NULL, 'NON', 'NON', 'NON', '0', NULL, 1, 1, 1, 1, 1, 'C 0012 5435 89', NULL, NULL, NULL, NULL, 1, '2021-05-30 20:24:26', '2021-05-30 20:24:26'),
	(32, 'CRCI-2020-C1-32', '', '', 'Mr', '', 'Sery', 'Gaspard', '1996-10-04', 'FRA', 'CIV', 1, 1, 1, NULL, NULL, 1, NULL, NULL, NULL, '45263626', NULL, NULL, NULL, 'ahou@gmail.com', 'N\'choa', 1, 'Achile', '41256300', 'NON', '0', NULL, 'NON', '41256300', NULL, 'NON', 'NON', 'NON', '0', NULL, 1, 1, 1, 1, 1, 'C 0012 5435 89', NULL, NULL, NULL, NULL, 0, '2021-05-30 20:24:26', '2021-05-30 20:24:26'),
	(33, 'CRCI-2020-C1-33', '', '', 'Mr', '', 'Digbeu', 'Dallo Jean claude le Roi', '1986-02-01', 'CIV', 'CIV', 788, 809, 1, 'Village situé à 45 km du campement BOIGNY', 0, 4, NULL, 'gerant de vitrine pour verre pharmaceutique de garde', 'pharmacienne', '45263626', NULL, NULL, NULL, 'digbeu1er@gmail.com', 'N\'goran', 1, 'Dallo Jean claude le Roi', '04120020', 'NON', 'CIV', '', 'NON', 'ngorandallo@yahoo.fr', 'NON', 'NON', 'NON', '', 'CIV', '', 1, 3, 1, 1, 2, 'P 0012 5435 89', NULL, NULL, NULL, NULL, 1, '2021-05-30 20:24:26', '2021-05-30 20:24:26'),
	(34, 'CRCI-2020-C1-34', '', '', 'Mr', '', 'Aka', 'Cedric', '1986-10-04', 'ITA', 'CIV', 1, 1, 1, NULL, NULL, 6, NULL, NULL, NULL, '45263626', '03030030', NULL, NULL, 'mikimiki@gmail.com', 'N\'cho', 1, 'Achile', '74859001', 'NON', '0', NULL, 'NON', '74859001', NULL, 'NON', 'NON', 'NON', '0', NULL, 1, 1, 1, 1, 1, 'C 0012 5435 89', NULL, NULL, NULL, NULL, 1, '2021-05-30 20:24:26', '2021-05-30 20:24:26'),
	(35, 'CRCI-2020-C1-35', '', '', 'Mr', '', 'Enga', 'Georges Mikael', '1998-04-10', 'ABW', 'ABW', 1, 1, 1, NULL, NULL, 1, NULL, 'proprietaire du maquis les VALLET', 'Entrepreneur', '57000075', '09809900', NULL, NULL, 'engageorges@gmail.com', 'Auleguer', 1, 'Patrick', '41256300', 'NON', '0', NULL, 'NON', '41256300', NULL, 'NON', 'NON', 'NON', '0', NULL, 1, 1, 1, 1, 1, 'C 0012 0580 89', NULL, NULL, NULL, NULL, 1, '2021-05-30 20:24:26', '2021-05-30 20:24:26'),
	(36, 'CRCI-2020-C1-36', '', '', 'Mme', '', 'Angaman', 'Marie Jeanne', '1998-05-02', 'CIV', 'CIV', 229, 4, 229, NULL, NULL, 250, NULL, 'proprietaire d\'un salon de couture', 'couturière', '06060006', NULL, NULL, NULL, NULL, 'N\'guetta', 1, 'Pierre Marie', '04150051', 'NON', '0', NULL, 'NON', '04150051', NULL, 'NON', 'NON', 'NON', '0', NULL, 1, 1, 1, 1, 1, 'C 0012 5435 89', NULL, NULL, NULL, NULL, 0, '2021-05-30 20:24:26', '2021-05-30 20:24:26'),
	(40, 'CRCI-2020-C1-40', '', '', 'Mr', '', 'DIEME', 'Aichatou', '1990-03-01', 'ABW', 'ABW', 1, 1, 1, NULL, NULL, 1, NULL, 'commerçante', 'commerçante', '87900099', NULL, NULL, NULL, NULL, 'YAO', 1, 'Rita', '09999099', 'NON', '0', NULL, 'NON', '09999099', NULL, 'NON', 'NON', 'NON', '0', NULL, 1, 1, 1, 1, 1, 'C 0985 3420 93', NULL, NULL, NULL, NULL, 0, '2021-05-30 20:24:26', '2021-05-30 20:24:26'),
	(52, 'CRCI-2020-C1-52', '', '', 'Mr', '', 'WADJA', 'Guy Babylas', '1985-06-02', 'CIV', 'CIV', 1, 6, 1, 'CHU de cocody', 1, 8, NULL, 'cableur electrique', 'electricien', '09809000', NULL, NULL, NULL, 'wadjas@gmail.com', 'DJIBRIL', 1, 'Kader', '08907800', 'KOFFI', 'CIV', '', 'Olga', NULL, 'OUI', 'WADJAS', 'Albert', 'PERMIS-098900', 'CIV', '', 3, 6, 1, 1, 3, 'AATT-0989', NULL, NULL, NULL, NULL, 1, '2021-05-30 20:24:26', '2021-05-30 20:24:26'),
	(53, 'CRCI-2020-C1-53', '', '', 'Mr', '', 'BOUBA', 'BOZZA', '1987-09-12', 'CIV', 'CIV', 1, 4, 1, 'PARIS VILLAGE', 1, 1, NULL, NULL, 'professeur de comptabililté', '21348984', NULL, NULL, NULL, NULL, 'GNAMKEY', 1, 'JEAN EDOUARD', '08900090', NULL, 'CIV', '', NULL, 'serti@gmail.com', 'NON', NULL, NULL, '', 'CIV', '', 1, 1, 1, 1, 1, 'C 0988 7657 90', NULL, NULL, NULL, NULL, 1, '2021-05-30 20:24:26', '2021-05-30 20:24:26'),
	(55, 'CRCI-2020-C1-55', '2310098', 'Non', 'Mr', '', 'BOUABRE', 'JEAN EUDE', '1984-04-10', 'CIV', 'CIV', 127, 148, 1, NULL, 1, 3, NULL, NULL, 'boy cuisinier', '21348984', NULL, NULL, NULL, 'bouabre@gmail.com', 'GNAMKEY', 1, 'JEAN EDOUARD', '08900091', NULL, 'CIV', '', NULL, NULL, 'NON', NULL, NULL, '', 'CIV', '', 1, 5, 1, 1, 1, 'C 0989 4434 12', NULL, NULL, NULL, NULL, 1, '2021-05-30 20:24:26', '2021-05-30 20:24:26'),
	(39, 'CRCI-2020-C13-39', '', '', 'Mme', '', 'DIEME', 'Aichatou', '1990-03-01', 'CIV', 'CIV', 208, 229, 1, 'A l\'hoptal regional', NULL, 1, NULL, 'commerçante', 'commerçante', '87900099', NULL, NULL, NULL, 'monami@gmail.com', 'YAO', 1, 'Aichatou', '47008207', 'NON', '0', NULL, 'NON', 'monami@gmail.com', NULL, 'NON', 'NON', 'NON', '0', NULL, 2, 1, 1, 22, 3, 'C 0985 3420 98', NULL, NULL, NULL, NULL, 1, '2021-05-30 20:24:26', '2021-05-30 20:24:26'),
	(38, 'CRCI-2020-C2-38', '', '', 'Mr', '', 'AKPOUE', 'Eliasson Jean Firmin', '1987-06-09', 'CIV', 'CIV', 1, 1, 1, NULL, NULL, 8, 'accident de la circulation qui a causé un problème dans la jambe, utilisation de prothèse', 'responsable consultation à la clinique les BETERS', 'médecin généraliste', '09008999', '05253505', NULL, NULL, 'jeanf@gmail.com', 'Zamblé', 1, 'Richard', '09809000', 'NON', '0', NULL, 'NON', '09809000', NULL, 'NON', 'NON', 'NON', '0', NULL, 1, 3, 1, 2, 1, 'C 0107 0147 79', NULL, NULL, NULL, NULL, 1, '2021-05-30 20:24:26', '2021-05-30 20:24:26'),
	(41, 'CRCI-2020-C2-41', '', '', 'Mr', '', 'GOBE', 'GUIZON Jean Antoinne', '1982-12-14', 'CIV', 'CIV', 115, 136, 1, 'A l\'hopital général, derrière la gendarmerie', NULL, 4, NULL, 'chef de chantier', 'technicien en batiment', '01989008', NULL, NULL, NULL, 'godejean@gmail.com', 'Ahou', 1, 'Josephine', '09890098', 'Niamke', 'CIV', 'decede', 'Helene', NULL, 'OUI', 'Gode', 'Jean Charles', 'XYZ-0989-2011', 'CIV', 'decede', 1, 6, 3, 2, 1, 'C 098790 786', NULL, NULL, NULL, NULL, 0, '2021-05-30 20:24:26', '2021-05-30 20:24:26'),
	(42, 'CRCI-2020-C2-42', '', '', 'Mr', '', 'GOBE', 'GUIZON Jean Antoinne', '1982-12-14', 'CIV', 'CIV', 115, 136, 1, 'A l\'hopital général, derrière la gendarmerie', NULL, 4, NULL, 'chef de chantier', 'technicien en batiment', '01989008', NULL, NULL, NULL, 'godejean@gmail.com', 'Ahou', 1, 'Josephine', '09890098', 'Niamke', 'CIV', 'decede', 'Helene', NULL, 'OUI', 'Gode', 'Jean Charles', 'XYZ-0989-2011', 'CIV', 'decede', 1, 6, 3, 2, 1, 'C 098790 786', NULL, NULL, NULL, NULL, 1, '2021-05-30 20:24:26', '2021-05-30 20:24:26'),
	(43, 'CRCI-2020-C2-43', '', '', 'Mr', '', 'GOBE', 'GUIZON Jean Antoinne', '1954-12-14', 'CIV', 'CIV', 115, 136, 115, 'A l\'hopital général, derrière la gendarmerie', NULL, 136, NULL, NULL, 'electricien', '45000054', NULL, NULL, NULL, 'godejean@gmail.com', 'ahou', 1, 'Helene', '74859001', 'Niamkey', 'CIV', 'decede', 'Elisabeth', NULL, 'OUI', 'GODE', 'Jean Charles', 'XYT-2012-43H', 'CIV', 'decede', 1, 6, 4, 2, 1, 'C 09 8765', NULL, NULL, NULL, NULL, 0, '2021-05-30 20:24:26', '2021-05-30 20:24:26'),
	(44, 'CRCI-2020-C2-44', '', '', 'Mr', '', 'GODE', 'Jean Benoit', '1967-12-14', 'CIV', 'CIV', 115, 136, 1, 'A l\'hopital général', NULL, 4, NULL, 'chef maçon', 'Maçonnerie', '09809900', NULL, NULL, NULL, 'godejeanb@yahoo.fr', 'Ahou', 1, 'Helene', '04350890', 'Ezoumian', 'CIV', 'decede', 'Justine', NULL, 'OUI', 'Gode', 'Baptiste', 'SDF-2435', 'CIV', 'decede', 1, 6, 5, 2, 1, 'C 9067 4236', NULL, NULL, NULL, NULL, 0, '2021-05-30 20:24:26', '2021-05-30 20:24:26'),
	(45, 'CRCI-2020-C2-45', '', '', 'Mr', '', 'GODE', 'BLEOU Martin', '1953-03-12', 'CIV', 'CIV', 115, 136, 1, 'A l\'hopital général', NULL, 4, NULL, 'instituteur', 'technicien en batiment', '45000054', NULL, NULL, NULL, 'godejean@yahoo.fr', 'Ahou', 1, 'Helene', '07950429', 'NIAMKEY', 'CIV', 'decede', 'Priscile', NULL, 'OUI', 'GODE', 'Baptiste', 'PERMIS-RTD-2012', 'CIV', 'decede', 1, 6, 1, 2, 1, 'C 7675 9890 09', NULL, NULL, NULL, NULL, 0, '2021-05-30 20:24:26', '2021-05-30 20:24:26'),
	(46, 'CRCI-2020-C2-46', '', '', 'Mr', '', 'GODE', 'BLEOU Martin', '1953-03-12', 'CIV', 'CIV', 115, 136, 1, 'A l\'hopital général', NULL, 4, NULL, 'instituteur', 'technicien en batiment', '45000054', NULL, NULL, NULL, 'godejean@yahoo.fr', 'Ahou', 1, 'Helene', '07950427', 'NIAMKEY', 'CIV', 'decede', 'Priscile', NULL, 'OUI', 'GODE', 'Baptiste', 'PERMIS-RTD-2012', 'CIV', 'decede', 1, 6, 1, 2, 1, 'C 7675 9890 09', NULL, NULL, NULL, NULL, 0, '2021-05-30 20:24:26', '2021-05-30 20:24:26'),
	(54, 'CRCI-2020-C2-54', '2310098', 'Non', 'Mr', '', 'BOUKARY', 'YSSOUF', '1978-03-12', 'CIV', 'CIV', 1, 6, 1, 'KOUMASSI DIVO', 1, 6, NULL, NULL, 'professeur de comptabililté', '21348984', NULL, NULL, NULL, 'boukary@gmail.com', 'GNAMKEY', 1, 'JEAN EDOUARD', '08900090', NULL, 'CIV', '', NULL, 'serti@gmail.com', 'NON', NULL, NULL, '', 'CIV', '', 1, 1, 1, 2, 1, 'C 0890 5676 98', NULL, NULL, NULL, NULL, 1, '2021-05-30 20:24:26', '2021-05-30 20:24:26'),
	(57, 'CRCI-2020-C2-57', '9989009', 'Non', 'Mr', '', 'DEPRI', 'Jeanne Esso Martine', '1976-03-21', 'CIV', 'CIV', 997, 1018, 1, NULL, 1, 2, NULL, NULL, 'auditeur en système energetique', '08900089', NULL, NULL, NULL, NULL, 'KOUAKOU', 1, 'HILAIRE', '02345545', NULL, 'CIV', '', NULL, NULL, 'NON', NULL, NULL, '', 'CIV', '', 1, 6, 1, 2, 1, 'C 7608 3452 23', NULL, NULL, NULL, NULL, 1, '2021-05-30 20:24:26', '2021-05-30 20:24:26'),
	(58, 'CRCI-2020-C2-58', '2310098CDZ', 'Non', 'Mr', '', 'SANGARE', 'IBRAHIM', '1993-03-11', 'CIV', 'CIV', 1, 4, 1, NULL, 0, 4, NULL, NULL, 'commerçante magasinier', '01723687', NULL, NULL, NULL, 'babasangare@gmail.com', 'CHERIF', 1, 'OUSMANE', '45657566', NULL, 'CIV', '', NULL, NULL, 'NON', NULL, NULL, '', 'CIV', '', 1, 4, 1, 2, 1, 'C 5674 0989 34', NULL, NULL, NULL, NULL, 1, '2021-05-30 20:24:26', '2021-05-30 20:24:26'),
	(60, 'CRCI-2020-C2-60', 'FICHE-okuj', 'OUI', 'Mr', '', 'YORO', 'DAVID', '1976-07-05', 'CIV', 'CIV', 3, 24, 1, NULL, 1, 4, NULL, NULL, 'commerçante magasinier', '78880888', NULL, NULL, NULL, NULL, 'SIOULA', 1, 'ADELINE', '02345545', NULL, 'CIV', '', NULL, NULL, 'NON', NULL, NULL, '', 'CIV', '', 1, 1, 1, 2, 4, 'C 8987 8874 32', NULL, NULL, NULL, NULL, 1, '2021-05-30 20:24:26', '2021-05-30 20:24:26'),
	(56, 'CRCI-2020-C3-56', '555000055', 'Non', 'Mr', '', 'SYLLA', 'ASSANE', '1975-09-11', 'CIV', 'CIV', 1, 1075, 1, NULL, 1, 1, NULL, NULL, NULL, '56788700', NULL, NULL, NULL, 'syllaassane@gmail.com', 'CHERIF', 1, 'MOUSSA', '08900091', NULL, 'CIV', '', NULL, NULL, 'NON', NULL, NULL, '', 'CIV', '', 1, 1, 1, 3, 1, 'C 0890 5676 98', NULL, NULL, NULL, NULL, 1, '2021-05-30 20:24:26', '2021-05-30 20:24:26'),
	(86, 'CRCI-2020-C30-00897', '', 'NON', 'Mr', '', 'DJAMARA', 'CYRILLE', '1992-12-05', 'CIV', 'CIV', 1, 8, 1, 'Marcory, hopital general de marcory', 1, 5, NULL, 'analyste programmeur chez ASCEND TECHNOLOGY', 'chef d\'équipe projet', '0101014391', '0758007387', '0102435467', 'Koumassi quartier sopim', 'djamaracyrille@gmail.com', 'BOKO', 1, 'SYLVIANE', '0707950428', 'KEITA', 'CIV', '', 'RAIMATA', NULL, 'OUI', 'DJAMARA', 'N\'DRI BERTIN', 'PERMI-X465', 'CUW', '', 1, 121, 3, 79, 1, 'C 0107 0147 79', 'BAC + 5', NULL, NULL, 'ABOBO PK', 1, '2021-05-30 20:24:26', '2021-05-30 20:24:26'),
	(63, 'CRCI-2020-C34-0001', 'F-34536', 'OUI', 'Mlle', '', 'M\'PONOU', 'MARINETTE', '1987-12-12', 'CIV', 'CIV', 5, 26, 1, 'vers le marché aux puces', 0, 15, NULL, NULL, 'patissière', '08900089', NULL, NULL, NULL, NULL, 'KOFFI', 1, 'KOFFI MATHIAS', '09897887', NULL, 'CIV', '', NULL, NULL, 'NON', NULL, NULL, '', 'CIV', '', 1, 6, 5, 80, 1, 'C 7678 3243 90', NULL, NULL, NULL, NULL, 1, '2021-05-30 20:24:26', '2021-05-30 20:24:26'),
	(30, 'CRCI-2020-C4-30', '', '', 'Mr', '', 'Aka', 'Louis Paul', '1986-12-04', 'BDI', 'MWI', 1, 1, 1, NULL, NULL, 1, NULL, 'proprietaire gerant de pharmacie', 'pharmacienne', '57000075', NULL, NULL, NULL, 'ahou@gmail.com', 'N\'goran', 1, 'Edjuhe Cyrille', '04120020', 'NON', '0', NULL, 'NON', '04120020', NULL, 'NON', 'NON', 'NON', '0', NULL, 2, 1, 1, 4, 1, 'C 0012 5435 89', NULL, NULL, NULL, NULL, 1, '2021-05-30 20:24:26', '2021-05-30 20:24:26'),
	(37, 'CRCI-2020-C4-37', '', '', 'Mlle', '', 'Sery', 'Jeannette', '1984-12-14', 'CIV', 'CIV', 321, 342, 321, NULL, NULL, 342, 'accident de la circulation sur la chaussée', 'cuisinière', 'entrepreuneur', '04140441', NULL, NULL, NULL, NULL, 'Digbeu', 1, 'Alphonse', '05250552', 'NON', '0', NULL, 'NON', '05250552', NULL, 'NON', 'NON', 'NON', '0', NULL, 2, 1, 1, 4, 1, 'C 0012 5435 89', NULL, NULL, NULL, NULL, 1, '2021-05-30 20:24:26', '2021-05-30 20:24:26'),
	(51, 'CRCI-2020-C71-51', '', '', 'Mr', '', 'GNEKPA', 'Dekpa Norbert', '1972-02-18', 'CIV', 'CIV', 1, 342, 1, 'Guiberoua', 0, 1, NULL, 'professeur de physique', 'professeur', '07890098', NULL, NULL, NULL, 'gnekpanorbert@gmail.com', 'Soro', 1, 'Dekpa Norbert', '78090980', 'Dion', 'CIV', '', 'Nathalie', NULL, 'OUI', 'GNEKPA', 'Phillipe', 'C 089 4563 45', 'CIV', '', 1, 6, 1, 71, 1, 'C 7867 9800 56', NULL, NULL, NULL, NULL, 1, '2021-05-30 20:24:26', '2021-05-30 20:24:26'),
	(48, 'CRCI-2020-C76-48', '', '', 'Mr', '', 'SORI', 'Abdoulaye', '1976-08-12', 'CIV', 'CAN', 1, 6, 1, 'dallas', NULL, 3, NULL, 'LOGISTICIEN', 'LOGISTIQUE', '09889000', '58900676', NULL, NULL, 'djamara@gmail.com', 'COULIBALY', 1, 'MORI', '59 58 74 59', 'DJABATE', 'CIV', '', 'ALIMA', NULL, 'oui', 'SORO', 'YENEMA', 'COUL01-15-00113517I', 'CIV', '', 1, NULL, 1, 76, 1, 'C 9067 4236', NULL, NULL, NULL, NULL, 1, '2021-05-30 20:24:26', '2021-05-30 20:24:26'),
	(47, 'CRCI-2020-C79-47', '', '', 'Mr', '', 'COULIBALY', 'IDRISSA', '1979-03-12', 'CIV', 'CIV', 1, 8, 1, 'A l\'hopital général de marcory', 0, 1, NULL, 'LOGISTICIEN', 'LOGISTIQUE', '49 70 68 93', '49 70 68 93', NULL, NULL, 'idyckool@yahoo.fr', 'COULIBALY', 1, 'IDRISSA', '59 58 74 59', 'DJABATE', 'CIV', 'decede', 'ALIMA', NULL, 'OUI', 'COULIBALY', 'ZIE', 'PERMIS-RTD-2012', 'CIV', '', 1, 4, 1, 79, 1, 'C 0040 1883 97', NULL, NULL, NULL, NULL, 1, '2021-05-30 20:24:26', '2021-05-30 20:24:26'),
	(49, 'CRCI-2020-C79-49', '', '', 'Mr', '', 'Ahou', 'Jean Oscar', '1980-09-08', 'CIV', 'CIV', 1, 1, 1, 'CHR de cocody', NULL, 8, NULL, 'gerant de vitrine pour verre pharmaceutique', 'ophtamologue', '05385555', NULL, NULL, NULL, NULL, 'N\'guessan', 1, 'Alfred', '09566520', 'TOE BI', 'CIV', '', 'Yvette', NULL, 'OUI', 'AHUA', 'Raymond', 'AZERTY', 'CIV', '', 1, 1, 1, 79, 1, 'C-026399', NULL, NULL, NULL, NULL, 1, '2021-05-30 20:24:26', '2021-05-30 20:24:26'),
	(50, 'CRCI-2020-C79-50', '', '', 'Mr', '', 'Daleba', 'Ehouan Kakou Joel', '1976-03-17', 'CIV', 'CIV', 530, 551, 1, NULL, 1, 5, 'asthmatique au bas âge , problème respiratoire survenu dans le passé', 'responsable d\'usine, tous travaux d\'électricité', 'informaticien industriel', '02130414', '47607760', NULL, NULL, 'dalebajoel@yahoo.fr', 'Mme Daleba née Djoudjo', 1, 'Srè Georgette', '78099009', 'Kakou', 'CIV', 'decede', 'Emilie', NULL, 'OUI', 'Daleba', 'Salif', '2012CDY3277211', 'CIV', 'decede', 1, 6, 6, 79, 1, 'C 9870 6573 98', NULL, NULL, NULL, NULL, 1, '2021-05-30 20:24:26', '2021-05-30 20:24:26'),
	(83, 'CRCI-2021--0001', '', '', 'Mlle', '', 'SINIKAN', 'AMON JOSELINE', '1983-10-08', 'CIV', 'CIV', 33, 745, 1, 'Centre de santé communautaire de AHUA', NULL, 5, NULL, 'GRH à SEMINAN ASSURANCE', 'ressources humaines', '0708008934', '0708008934', NULL, NULL, 'joseline.s@gmail.com', 'KOUAME', 1, 'ARISTIDE', NULL, 'BLEON', 'CIV', '', 'PAULINE', NULL, 'oui', 'SINANKAN', 'YACINTHE', 'PERMIS-00009', 'CIV', '', 1, NULL, 3, 79, 1, 'C 0132 4574 78', NULL, NULL, NULL, NULL, 1, '2021-05-30 20:24:26', '2021-05-30 20:24:26'),
	(5, 'CRCI/2020/1/4', '', '', 'Mr', '', 'Aka', 'Fabrice', '1985-04-11', 'CIV', NULL, 1, 5, 1, NULL, NULL, 6, 'asthme', 'proprietaire gerant de pharmacie', 'pharmacienne', '45000054', '03030030', NULL, NULL, 'akal@gmail.com', 'N\'guessan', 1, 'Augustin', '04120020', 'NON', '0', NULL, 'NON', '04120020', NULL, 'NON', 'NON', 'NON', '0', NULL, 1, 3, 1, 2, 1, 'C 0012 5435 89', NULL, NULL, NULL, NULL, 1, '2021-05-30 20:24:26', '2021-05-30 20:24:26'),
	(11, 'CRCI/2020/C1/11', '', '', 'Mr', '', 'Ahoule', 'Aka leandre', '1996-02-01', 'FRA', NULL, 1, 1, 1, NULL, NULL, 8, 'asthme', 'responsable finance', 'pharmacienne', '45263626', NULL, NULL, NULL, 'ahou@gmail.com', 'Djamara', 1, 'Edjuhe Cyrille', '41256300', 'NON', '0', NULL, 'NON', '41256300', NULL, 'NON', 'NON', 'NON', '0', NULL, 1, 1, 1, 1, 1, 'C 0012 5435 89', NULL, NULL, NULL, NULL, 1, '2021-05-30 20:24:26', '2021-05-30 20:24:26'),
	(12, 'CRCI/2020/C1/12', '', '', 'Mlle', '', 'Sidibe', 'Salimata', '1991-04-11', 'CIV', 'CIV', 2, 5, 1, NULL, NULL, 1, NULL, 'controle de gestion', 'pharmacienne', '57000075', NULL, NULL, NULL, 'sidibesali@gmail.com', 'Kante', 1, 'Fatoumata', '01014395', 'NON', '0', NULL, 'NON', '01014395', NULL, 'NON', 'NON', 'NON', '0', NULL, 1, 1, 1, 3, 1, 'C 0012 5435 89', NULL, NULL, NULL, NULL, 1, '2021-05-30 20:24:26', '2021-05-30 20:24:26'),
	(15, 'CRCI/2020/C1/15', '', '', 'Mr', '', 'N\'cho', 'Aka leandre', '1854-04-10', 'ABW', 'ABW', 1, 1, 1, NULL, NULL, 1, NULL, 'proprietaire gerant de pharmacie', 'doctorant en mathematique', '45263626', NULL, NULL, NULL, 'akal@gmail.com', 'Djamara', 1, 'Edjuhe Cyrille', '41256300', 'NON', '0', NULL, 'NON', '41256300', NULL, 'NON', 'NON', 'NON', '0', NULL, 1, 1, 1, 1, 1, 'C 0012 5435 89', NULL, NULL, NULL, NULL, 0, '2021-05-30 20:24:26', '2021-05-30 20:24:26'),
	(17, 'CRCI/2020/C1/17', '', '', 'Mr', '', 'Djamara', 'Edjuhe Cyrille', '1986-04-10', 'ABW', 'ABW', 1, 1, 1, NULL, NULL, 1, NULL, 'proprietaire gerant de pharmacie', 'doctorant en mathematique', '45263626', NULL, NULL, NULL, 'sienmarie@yahoo.fr', 'Djamara', 1, 'Edjuhe Cyrille', '41256300', 'NON', '0', NULL, 'NON', '41256300', NULL, 'NON', 'NON', 'NON', '0', NULL, 1, 1, 1, 1, 1, 'C 0012 5435 89', NULL, NULL, NULL, NULL, 0, '2021-05-30 20:24:26', '2021-05-30 20:24:26'),
	(18, 'CRCI/2020/C1/18', '', '', 'Mr', '', 'Djamara', 'Edjuhe Cyrille', '1985-02-10', 'ABW', 'ABW', 1, 1, 1, NULL, NULL, 1, NULL, 'proprietaire gerant de pharmacie', 'doctorant en mathematique', '45263626', NULL, NULL, NULL, 'mikimiki@gmail.com', 'Djamara', 1, 'Edjuhe Cyrille', '41256300', 'NON', '0', NULL, 'NON', '41256300', NULL, 'NON', 'NON', 'NON', '0', NULL, 1, 1, 1, 1, 1, 'C 0012 5435 89', NULL, NULL, NULL, NULL, 0, '2021-05-30 20:24:26', '2021-05-30 20:24:26'),
	(19, 'CRCI/2020/C1/19', '', '', 'Mr', '', 'N\'cho', 'Aka leandre', '1985-04-10', 'ABW', 'ABW', 1, 1, 1, NULL, NULL, 1, NULL, 'gerant de vitrine pour verre pharmaceutique', 'doctorant en mathematique', '45263626', NULL, NULL, NULL, 'ahou@gmail.com', 'N\'guessan', 1, 'Jacquelline', '04120020', 'NON', '0', NULL, 'NON', '04120020', NULL, 'NON', 'NON', 'NON', '0', NULL, 1, 1, 1, 1, 1, 'C 0012 5435 89', NULL, NULL, NULL, NULL, 1, '2021-05-30 20:24:26', '2021-05-30 20:24:26'),
	(20, 'CRCI/2020/C1/20', '', '', 'Mr', '', 'Aka', 'Jean Marie', '2015-12-10', 'ABW', 'ABW', 1, 1, 1, NULL, NULL, 1, NULL, 'proprietaire gerant de pharmacie', 'doctorant en mathematique', '45263626', '03030030', NULL, NULL, 'ahou@gmail.com', 'N\'guessan', 1, 'Augustin', '41256300', 'NON', '0', NULL, 'NON', '41256300', NULL, 'NON', 'NON', 'NON', '0', NULL, 1, 1, 1, 1, 1, 'C 0012 5435 89', NULL, NULL, NULL, NULL, 0, '2021-05-30 20:24:26', '2021-05-30 20:24:26'),
	(21, 'CRCI/2020/C1/21', '', '', 'Mr', '', 'N\'cho', 'Edjuhe Cyrille', '1875-04-10', 'ALB', 'ARE', 1, 1, 1, NULL, NULL, 1, NULL, 'proprietaire gerant de pharmacie', 'doctorant en mathematique', '45263626', NULL, NULL, NULL, 'ahou@gmail.com', 'N\'guessan', 1, 'Abou', '41256300', 'NON', '0', NULL, 'NON', '41256300', NULL, 'NON', 'NON', 'NON', '0', NULL, 1, 1, 1, 1, 1, 'C 0012 5435 89', NULL, NULL, NULL, NULL, 1, '2021-05-30 20:24:26', '2021-05-30 20:24:26'),
	(22, 'CRCI/2020/C1/22', '', '', 'Mr', '', 'Aka', 'Fortune', '1985-12-05', 'AND', 'AGO', 1, 1, 1, NULL, NULL, 1, NULL, 'responsable finance', 'doctorant en mathematique', '45263626', NULL, NULL, NULL, 'ahou@gmail.com', 'Aloiui', 1, 'Cyrille', '41256300', 'NON', '0', NULL, 'NON', '41256300', NULL, 'NON', 'NON', 'NON', '0', NULL, 1, 1, 1, 1, 1, 'C 0012 5435 89', NULL, NULL, NULL, NULL, 1, '2021-05-30 20:24:26', '2021-05-30 20:24:26'),
	(23, 'CRCI/2020/C1/23', '', '', 'Mr', '', 'Antoine', 'Gaspard', '1986-02-10', 'ITA', 'MLI', 1, 1, 1, NULL, NULL, 1, NULL, 'proprietaire gerant de pharmacie', 'chirurgien', '45263626', NULL, NULL, NULL, 'akal@gmail.com', 'Djamara', 1, 'Edjuhe Cyrille', '41256300', 'NON', '0', NULL, 'NON', '41256300', NULL, 'NON', 'NON', 'NON', '0', NULL, 1, 1, 1, 1, 1, 'C 0012 5435 89', NULL, NULL, NULL, NULL, 1, '2021-05-30 20:24:26', '2021-05-30 20:24:26'),
	(7, 'CRCI/2020/C1/6', '', '', 'Mr', '', 'Sery', 'Oscar', '1986-04-11', 'FRA', NULL, 1, 1, 1, NULL, NULL, 1, NULL, 'professeur du privé', 'doctorant en mathematique', '54001221', NULL, NULL, NULL, 'oscarsery@gmail.com', 'ahou', 1, 'Gislene', '01014395', 'NON', '0', NULL, 'NON', '01014395', NULL, 'NON', 'NON', 'NON', '0', NULL, 1, 2, 1, 2, 1, 'C 0012 5435 89', NULL, NULL, NULL, NULL, 1, '2021-05-30 20:24:26', '2021-05-30 20:24:26'),
	(10, 'CRCI/2020/C1/8', '', '', 'Mr', '', 'alexou', 'Jean leandre', '1986-04-10', 'ABW', NULL, 1, 1, 1, NULL, NULL, 1, NULL, 'gerant de vitrine pour verre pharmaceutique', 'chirurgien', '57000075', NULL, NULL, NULL, '123@gmail.com', 'N\'guessan', 1, 'Edjuhe Cyrille', '04120020', 'NON', '0', NULL, 'NON', '04120020', NULL, 'NON', 'NON', 'NON', '0', NULL, 1, 1, 1, 1, 1, 'C 0012 5435 89', NULL, NULL, NULL, NULL, 1, '2021-05-30 20:24:26', '2021-05-30 20:24:26'),
	(13, 'CRCI/2020/C21/13', '', '', 'Mr', '', 'Attebi', 'Zeriga Alphonse', '1959-03-14', 'CIV', 'CIV', 229, 1, 1, NULL, NULL, 31, NULL, 'jardinier', 'jardinerie', '03781898', NULL, NULL, NULL, NULL, 'Ehouman', 1, 'Janine', '45051050', 'NON', '0', NULL, 'NON', '45051050', NULL, 'NON', 'NON', 'NON', '0', NULL, 1, 1, 1, 12, 1, 'C 0012 5435 89', NULL, NULL, NULL, NULL, 1, '2021-05-30 20:24:26', '2021-05-30 20:24:26'),
	(6, 'CRCI/2020/C3/6', '', '', 'Mr', '', 'Kone', 'Cedric', '1986-02-19', 'MLI', NULL, 1, 1, 1, NULL, NULL, 1, NULL, 'professeur du privé', 'doctorant en mathematique', '45263626', NULL, NULL, NULL, 'konec@yahoo.fr', 'N\'guessan', 1, 'Augustin', '07950428', 'NON', '0', NULL, 'NON', '07950428', NULL, 'NON', 'NON', 'NON', '0', NULL, 1, 2, 1, 3, 1, 'C 0012 5435 89', NULL, NULL, NULL, NULL, 1, '2021-05-30 20:24:26', '2021-05-30 20:24:26'),
	(14, 'CRCI/2020/C46/14', '', '', 'Mr', '', 'Kambire', 'Ollo Martial', '1985-07-10', 'CIV', 'BFA', 469, 473, 1, NULL, NULL, 165, NULL, 'enseignant repetiteur', 'etudiant', '07008575', NULL, NULL, NULL, NULL, 'Fransou', 1, 'Jacquelline', '41003202', 'NON', '0', NULL, 'NON', '41003202', NULL, 'NON', 'NON', 'NON', '0', NULL, 3, 2, 1, 46, 1, 'C 0012 5435 89', NULL, NULL, NULL, NULL, 1, '2021-05-30 20:24:26', '2021-05-30 20:24:26'),
	(73, 'DREPANOLE', 'F-3256', 'NON', 'Mr', '', 'SYLLA', 'MOCTAR', '1985-01-11', 'CIV', 'CIV', 14, 22, 1, NULL, 0, 27, NULL, NULL, NULL, '02345677', NULL, NULL, NULL, 'riendetout@gmail.com', 'ACEBO', 1, 'HERMAN', '67870007', NULL, 'CIV', '', NULL, NULL, 'NON', NULL, NULL, '', 'CIV', '', 1, 28, 1, 80, 1, 'C 0890 0678 57', NULL, NULL, NULL, NULL, 1, '2021-05-30 20:24:26', '2021-05-30 20:24:26'),
	(69, 'DRETINAZ', 'F-7678 7809 5', 'NON', 'Mr', '', 'AHOU', 'JEANNE', '1987-02-10', 'CIV', 'CIV', 5, 0, 1, NULL, 1, 9, NULL, NULL, NULL, '06789800', NULL, NULL, NULL, NULL, 'GBAPE', 1, 'BEATRICE', '45678798', NULL, 'CIV', '', NULL, NULL, 'NON', NULL, NULL, '', 'CIV', '', 1, 6, 1, 80, 1, 'C 0988 6456 00', NULL, NULL, NULL, NULL, 1, '2021-05-30 20:24:26', '2021-05-30 20:24:26'),
	(3, 'L0DER21', '', '', 'Mlle', '', 'Abla', 'Poukou Enriette', '1984-04-11', 'CIV', NULL, 1, 1, 1, NULL, NULL, 1, 'asthme', 'proprietaire gerant de pharmacie', 'pharmacienne', '57000075', NULL, NULL, NULL, 'ablapokou@gmail.com', 'N\'guessan', 1, 'Servais', '74859001', 'NON', '0', NULL, 'NON', '74859001', NULL, 'NON', 'NON', 'NON', '0', NULL, 1, 3, 1, 2, 1, 'C 0012 5435 89', NULL, NULL, NULL, NULL, 1, '2021-05-30 20:24:26', '2021-05-30 20:24:26'),
	(76, 'sqsedrf', 'derf', 'NON', 'Mr', '', 'SEKA', 'BORIS', '1975-08-09', 'CIV', 'CIV', 19, 14, 1, NULL, 0, 20, NULL, NULL, NULL, '02897866', NULL, NULL, NULL, NULL, 'ATTIEGBA', 1, 'JEAN FIRMIN', '85678876', NULL, 'CIV', '', NULL, NULL, 'NON', NULL, NULL, '', 'CIV', '', 3, 1, 1, 80, 1, 'C 8756 2345 1', NULL, NULL, NULL, NULL, 1, '2021-05-30 20:24:26', '2021-05-30 20:24:26'),
	(82, 'XX-TRE-0098', 'F-23142', 'NON', 'Mr', '', 'CHAKA', 'ZULU', '1989-11-09', 'CIV', 'CIV', 1, 18, 1, NULL, 1, 23, NULL, NULL, NULL, '08765645', NULL, NULL, NULL, NULL, 'KABLAN', 1, 'DUMAS', '67873456', NULL, 'CIV', '', NULL, NULL, 'NON', NULL, NULL, '', 'CIV', '', 1, 47, 1, 80, 1, 'C 8978 5687 9', NULL, NULL, NULL, NULL, 1, '2021-05-30 20:24:26', '2021-05-30 20:24:26');
/*!40000 ALTER TABLE `personne` ENABLE KEYS */;

-- Listage de la structure de la table croixrouge2021. personne_affection
CREATE TABLE IF NOT EXISTS `personne_affection` (
  `id_personne_affection` int NOT NULL AUTO_INCREMENT,
  `personneImmat` varchar(150) DEFAULT NULL,
  `idaffection` int DEFAULT NULL,
  `updated_at` datetime DEFAULT NULL,
  `created_at` datetime DEFAULT NULL,
  PRIMARY KEY (`id_personne_affection`),
  KEY `FK_personne_affection_personne` (`personneImmat`),
  KEY `FK_personne_affection_affection` (`idaffection`)
) ENGINE=InnoDB AUTO_INCREMENT=6 DEFAULT CHARSET=utf8;

-- Listage des données de la table croixrouge2021.personne_affection : ~5 rows (environ)
/*!40000 ALTER TABLE `personne_affection` DISABLE KEYS */;
REPLACE INTO `personne_affection` (`id_personne_affection`, `personneImmat`, `idaffection`, `updated_at`, `created_at`) VALUES
	(1, 'L0DER21', 1, '2020-04-18 22:19:43', '2020-04-18 22:19:43'),
	(2, 'L0DER21', 1, '2020-04-19 08:37:59', '2020-04-19 08:37:59'),
	(3, 'CRCI/2020/C1/11', 1, '2020-04-19 17:18:51', '2020-04-19 17:18:51'),
	(4, 'CRCI/2020/C1/11', 2, '2020-04-19 17:18:52', '2020-04-19 17:18:52'),
	(5, 'CRCI-2008-34-00897', 2, '2020-12-14 15:29:31', '2020-12-14 15:29:31');
/*!40000 ALTER TABLE `personne_affection` ENABLE KEYS */;

-- Listage de la structure de la table croixrouge2021. personne_categoriepermis
CREATE TABLE IF NOT EXISTS `personne_categoriepermis` (
  `id` int NOT NULL AUTO_INCREMENT,
  `personne_immat` varchar(450) DEFAULT NULL,
  `idcategorie` int DEFAULT NULL,
  `updated_at` datetime DEFAULT NULL,
  `created_at` datetime DEFAULT NULL,
  PRIMARY KEY (`id`),
  KEY `personne_immat` (`personne_immat`(255)),
  KEY `idcategorie` (`idcategorie`)
) ENGINE=InnoDB AUTO_INCREMENT=23 DEFAULT CHARSET=utf8;

-- Listage des données de la table croixrouge2021.personne_categoriepermis : ~19 rows (environ)
/*!40000 ALTER TABLE `personne_categoriepermis` DISABLE KEYS */;
REPLACE INTO `personne_categoriepermis` (`id`, `personne_immat`, `idcategorie`, `updated_at`, `created_at`) VALUES
	(1, 'CRCI-2020-C2-46', 2, '2020-09-29 10:23:19', '2020-09-29 10:23:19'),
	(2, 'CRCI-2020-C2-46', 4, '2020-09-29 10:23:19', '2020-09-29 10:23:19'),
	(3, 'CRCI-2020-C2-46', 5, '2020-09-29 10:23:19', '2020-09-29 10:23:19'),
	(4, 'CRCI-2020-C79-49', 2, '2020-10-01 11:20:21', '2020-10-01 11:20:21'),
	(5, 'CRCI-2020-C79-49', 3, '2020-10-01 11:20:21', '2020-10-01 11:20:21'),
	(6, 'CRCI-2020-C79-49', 4, '2020-10-01 11:20:21', '2020-10-01 11:20:21'),
	(7, 'CRCI-2020-C79-49', 5, '2020-10-01 11:20:21', '2020-10-01 11:20:21'),
	(8, 'CRCI-2020-C79-50', 2, '2020-10-06 15:51:46', '2020-10-06 15:51:46'),
	(9, 'CRCI-2020-C79-50', 3, '2020-10-06 15:51:46', '2020-10-06 15:51:46'),
	(10, 'CRCI-2020-C79-50', 5, '2020-10-06 15:51:46', '2020-10-06 15:51:46'),
	(11, 'CRCI-2020-C1-52', 2, '2020-11-08 14:31:58', '2020-11-08 14:31:58'),
	(12, 'CRCI-2020-C1-52', 3, '2020-11-08 14:31:58', '2020-11-08 14:31:58'),
	(13, 'CRCI-2020-C1-52', 4, '2020-11-08 14:31:58', '2020-11-08 14:31:58'),
	(14, NULL, 2, '2020-12-12 18:42:57', '2020-12-12 18:42:57'),
	(15, NULL, 3, '2020-12-12 18:42:57', '2020-12-12 18:42:57'),
	(16, NULL, 4, '2020-12-12 18:42:58', '2020-12-12 18:42:58'),
	(17, 'CRCI-2008-34-00897', 2, '2020-12-14 15:29:31', '2020-12-14 15:29:31'),
	(18, 'CRCI-2008-34-00897', 4, '2020-12-14 15:29:31', '2020-12-14 15:29:31'),
	(19, 'CRCI-2008-34-00897', 5, '2020-12-14 15:29:31', '2020-12-14 15:29:31'),
	(20, 'CRCI-2020-C30-00897', 2, '2021-05-28 18:49:25', '2021-05-28 18:49:25'),
	(21, 'CRCI-2020-C30-00897', 3, '2021-05-28 18:49:25', '2021-05-28 18:49:25'),
	(22, 'CRCI-2020-C30-00897', 4, '2021-05-28 18:49:25', '2021-05-28 18:49:25');
/*!40000 ALTER TABLE `personne_categoriepermis` ENABLE KEYS */;

-- Listage de la structure de la table croixrouge2021. personne_diplome
CREATE TABLE IF NOT EXISTS `personne_diplome` (
  `idPersonneDiplome` int NOT NULL AUTO_INCREMENT,
  `persImmat` varchar(150) NOT NULL DEFAULT '',
  `diplome_iddiplome` int NOT NULL,
  `personne_diplome_date` date DEFAULT NULL,
  `updated_at` date DEFAULT NULL,
  `created_at` date DEFAULT NULL,
  PRIMARY KEY (`persImmat`,`diplome_iddiplome`),
  KEY `fk_personne_has_diplome_diplome1_idx` (`diplome_iddiplome`),
  KEY `fk_personne_has_diplome_personne1_idx` (`persImmat`),
  KEY `idPersonneDiplome` (`idPersonneDiplome`),
  CONSTRAINT `FK_personne_diplome_personne` FOREIGN KEY (`persImmat`) REFERENCES `personne` (`personne_immat`) ON UPDATE CASCADE,
  CONSTRAINT `fk_personne_has_diplome_diplome1` FOREIGN KEY (`diplome_iddiplome`) REFERENCES `diplome` (`iddiplome`) ON UPDATE CASCADE
) ENGINE=InnoDB AUTO_INCREMENT=258 DEFAULT CHARSET=utf8;

-- Listage des données de la table croixrouge2021.personne_diplome : ~150 rows (environ)
/*!40000 ALTER TABLE `personne_diplome` DISABLE KEYS */;
REPLACE INTO `personne_diplome` (`idPersonneDiplome`, `persImmat`, `diplome_iddiplome`, `personne_diplome_date`, `updated_at`, `created_at`) VALUES
	(212, '00007567', 2, NULL, '2020-12-15', '2020-12-15'),
	(213, '00007567', 3, NULL, '2020-12-15', '2020-12-15'),
	(214, '00007567', 5, NULL, '2020-12-15', '2020-12-15'),
	(215, '00007567', 7, NULL, '2020-12-15', '2020-12-15'),
	(174, '00007867', 3, NULL, '2020-12-15', '2020-12-15'),
	(175, '00007867', 5, NULL, '2020-12-15', '2020-12-15'),
	(176, '00007867', 7, NULL, '2020-12-15', '2020-12-15'),
	(216, '000576', 2, NULL, '2020-12-15', '2020-12-15'),
	(217, '000576', 3, NULL, '2020-12-15', '2020-12-15'),
	(218, '000576', 5, NULL, '2020-12-15', '2020-12-15'),
	(162, '0008987', 3, NULL, '2020-12-15', '2020-12-15'),
	(163, '0008987', 5, NULL, '2020-12-15', '2020-12-15'),
	(164, '0008987', 7, NULL, '2020-12-15', '2020-12-15'),
	(219, '0089RT', 3, NULL, '2020-12-15', '2020-12-15'),
	(220, '0089RT', 5, NULL, '2020-12-15', '2020-12-15'),
	(221, '0089RT', 6, NULL, '2020-12-15', '2020-12-15'),
	(233, '00989', 3, NULL, '2020-12-15', '2020-12-15'),
	(234, '00989', 6, NULL, '2020-12-15', '2020-12-15'),
	(235, '00989', 7, NULL, '2020-12-15', '2020-12-15'),
	(125, 'ANCIEN-MAT-2019-ZPQ', 2, NULL, '2020-12-12', '2020-12-12'),
	(126, 'ANCIEN-MAT-2019-ZPQ', 3, NULL, '2020-12-12', '2020-12-12'),
	(127, 'ANCIEN-MAT-2019-ZPQ', 4, NULL, '2020-12-12', '2020-12-12'),
	(171, 'ANTI-ROUILLE', 3, NULL, '2020-12-15', '2020-12-15'),
	(172, 'ANTI-ROUILLE', 5, NULL, '2020-12-15', '2020-12-15'),
	(173, 'ANTI-ROUILLE', 6, NULL, '2020-12-15', '2020-12-15'),
	(187, 'AZERTYUIOP', 3, NULL, '2020-12-15', '2020-12-15'),
	(188, 'AZERTYUIOP', 5, NULL, '2020-12-15', '2020-12-15'),
	(189, 'AZERTYUIOP', 6, NULL, '2020-12-15', '2020-12-15'),
	(254, 'CRCI 2020 C67 2435', 1, NULL, '2021-06-06', '2021-06-06'),
	(255, 'CRCI 2020 C67 2435', 2, NULL, '2021-06-06', '2021-06-06'),
	(256, 'CRCI 2020 C67 2435', 3, NULL, '2021-06-06', '2021-06-06'),
	(257, 'CRCI 2020 C67 2435', 6, NULL, '2021-06-06', '2021-06-06'),
	(222, 'CRCI-1978-56-000067', 5, NULL, '2020-12-15', '2020-12-15'),
	(223, 'CRCI-1978-56-000067', 6, NULL, '2020-12-15', '2020-12-15'),
	(224, 'CRCI-1980-5-00089', 3, NULL, '2020-12-15', '2020-12-15'),
	(225, 'CRCI-1980-5-00089', 5, NULL, '2020-12-15', '2020-12-15'),
	(226, 'CRCI-1980-5-00089', 6, NULL, '2020-12-15', '2020-12-15'),
	(148, 'CRCI-2008-34-00897', 3, NULL, '2020-12-14', '2020-12-14'),
	(149, 'CRCI-2008-34-00897', 5, NULL, '2020-12-14', '2020-12-14'),
	(150, 'CRCI-2008-34-00897', 7, NULL, '2020-12-14', '2020-12-14'),
	(183, 'CRCI-2014-35-00865', 3, NULL, '2020-12-15', '2020-12-15'),
	(184, 'CRCI-2014-35-00865', 5, NULL, '2020-12-15', '2020-12-15'),
	(185, 'CRCI-2014-35-00865', 7, NULL, '2020-12-15', '2020-12-15'),
	(190, 'CRCI-2017-43-008976', 3, NULL, '2020-12-15', '2020-12-15'),
	(191, 'CRCI-2017-43-008976', 5, NULL, '2020-12-15', '2020-12-15'),
	(192, 'CRCI-2017-43-008976', 7, NULL, '2020-12-15', '2020-12-15'),
	(195, 'CRCI-2018-21-000067', 3, NULL, '2020-12-15', '2020-12-15'),
	(196, 'CRCI-2018-21-000067', 5, NULL, '2020-12-15', '2020-12-15'),
	(197, 'CRCI-2018-21-000067', 7, NULL, '2020-12-15', '2020-12-15'),
	(114, 'CRCI-2020-C-', 2, NULL, '2020-12-10', '2020-12-10'),
	(115, 'CRCI-2020-C-', 3, NULL, '2020-12-10', '2020-12-10'),
	(116, 'CRCI-2020-C-0062', 2, NULL, '2020-12-10', '2020-12-10'),
	(72, 'CRCI-2020-C1-33', 1, NULL, '2020-10-05', '2020-10-05'),
	(73, 'CRCI-2020-C1-33', 2, NULL, '2020-10-05', '2020-10-05'),
	(74, 'CRCI-2020-C1-33', 3, NULL, '2020-10-05', '2020-10-05'),
	(75, 'CRCI-2020-C1-33', 4, NULL, '2020-10-05', '2020-10-05'),
	(25, 'CRCI-2020-C1-36', 2, NULL, '2020-04-26', '2020-04-26'),
	(26, 'CRCI-2020-C1-36', 3, NULL, '2020-04-26', '2020-04-26'),
	(27, 'CRCI-2020-C1-36', 5, NULL, '2020-04-26', '2020-04-26'),
	(28, 'CRCI-2020-C1-36', 6, NULL, '2020-04-26', '2020-04-26'),
	(89, 'CRCI-2020-C1-52', 1, NULL, '2020-11-08', '2020-11-08'),
	(90, 'CRCI-2020-C1-52', 2, NULL, '2020-11-08', '2020-11-08'),
	(91, 'CRCI-2020-C1-52', 3, NULL, '2020-11-08', '2020-11-08'),
	(92, 'CRCI-2020-C1-52', 5, NULL, '2020-11-08', '2020-11-08'),
	(93, 'CRCI-2020-C1-52', 7, NULL, '2020-11-08', '2020-11-08'),
	(97, 'CRCI-2020-C1-53', 2, NULL, '2020-12-09', '2020-12-09'),
	(98, 'CRCI-2020-C1-53', 3, NULL, '2020-12-09', '2020-12-09'),
	(99, 'CRCI-2020-C1-53', 7, NULL, '2020-12-09', '2020-12-09'),
	(103, 'CRCI-2020-C1-55', 3, NULL, '2020-12-09', '2020-12-09'),
	(104, 'CRCI-2020-C1-55', 6, NULL, '2020-12-09', '2020-12-09'),
	(37, 'CRCI-2020-C13-39', 1, NULL, '2020-09-21', '2020-09-21'),
	(36, 'CRCI-2020-C13-39', 2, NULL, '2020-09-21', '2020-09-21'),
	(32, 'CRCI-2020-C2-38', 3, NULL, '2020-08-25', '2020-08-25'),
	(38, 'CRCI-2020-C2-38', 4, NULL, '2020-09-21', '2020-09-21'),
	(33, 'CRCI-2020-C2-38', 6, NULL, '2020-08-25', '2020-08-25'),
	(34, 'CRCI-2020-C2-38', 7, NULL, '2020-08-25', '2020-08-25'),
	(35, 'CRCI-2020-C2-38', 8, NULL, '2020-08-25', '2020-08-25'),
	(56, 'CRCI-2020-C2-46', 1, NULL, '2020-09-29', '2020-09-29'),
	(57, 'CRCI-2020-C2-46', 2, NULL, '2020-09-29', '2020-09-29'),
	(100, 'CRCI-2020-C2-54', 2, NULL, '2020-12-09', '2020-12-09'),
	(101, 'CRCI-2020-C2-54', 3, NULL, '2020-12-09', '2020-12-09'),
	(102, 'CRCI-2020-C2-54', 6, NULL, '2020-12-09', '2020-12-09'),
	(109, 'CRCI-2020-C2-57', 2, NULL, '2020-12-10', '2020-12-10'),
	(110, 'CRCI-2020-C2-57', 3, NULL, '2020-12-10', '2020-12-10'),
	(111, 'CRCI-2020-C2-58', 3, NULL, '2020-12-10', '2020-12-10'),
	(112, 'CRCI-2020-C2-60', 2, NULL, '2020-12-10', '2020-12-10'),
	(113, 'CRCI-2020-C2-60', 3, NULL, '2020-12-10', '2020-12-10'),
	(105, 'CRCI-2020-C3-56', 2, NULL, '2020-12-09', '2020-12-09'),
	(106, 'CRCI-2020-C3-56', 3, NULL, '2020-12-09', '2020-12-09'),
	(107, 'CRCI-2020-C3-56', 5, NULL, '2020-12-09', '2020-12-09'),
	(108, 'CRCI-2020-C3-56', 7, NULL, '2020-12-09', '2020-12-09'),
	(249, 'CRCI-2020-C30-00897', 1, NULL, '2021-05-28', '2021-05-28'),
	(250, 'CRCI-2020-C30-00897', 2, NULL, '2021-05-28', '2021-05-28'),
	(251, 'CRCI-2020-C30-00897', 3, NULL, '2021-05-28', '2021-05-28'),
	(252, 'CRCI-2020-C30-00897', 4, NULL, '2021-05-28', '2021-05-28'),
	(253, 'CRCI-2020-C30-00897', 5, NULL, '2021-05-28', '2021-05-28'),
	(144, 'CRCI-2020-C34-0001', 2, NULL, '2020-12-14', '2020-12-14'),
	(145, 'CRCI-2020-C34-0001', 3, NULL, '2020-12-14', '2020-12-14'),
	(146, 'CRCI-2020-C34-0001', 4, NULL, '2020-12-14', '2020-12-14'),
	(147, 'CRCI-2020-C34-0001', 6, NULL, '2020-12-14', '2020-12-14'),
	(29, 'CRCI-2020-C4-37', 2, NULL, '2020-04-26', '2020-04-26'),
	(30, 'CRCI-2020-C4-37', 4, NULL, '2020-04-26', '2020-04-26'),
	(31, 'CRCI-2020-C4-37', 7, NULL, '2020-04-26', '2020-04-26'),
	(85, 'CRCI-2020-C71-51', 1, NULL, '2020-11-08', '2020-11-08'),
	(86, 'CRCI-2020-C71-51', 2, NULL, '2020-11-08', '2020-11-08'),
	(87, 'CRCI-2020-C71-51', 3, NULL, '2020-11-08', '2020-11-08'),
	(88, 'CRCI-2020-C71-51', 5, NULL, '2020-11-08', '2020-11-08'),
	(59, 'CRCI-2020-C76-48', 3, NULL, '2020-10-01', '2020-10-01'),
	(60, 'CRCI-2020-C76-48', 6, NULL, '2020-10-01', '2020-10-01'),
	(94, 'CRCI-2020-C79-47', 4, NULL, '2020-12-09', '2020-12-09'),
	(95, 'CRCI-2020-C79-47', 5, NULL, '2020-12-09', '2020-12-09'),
	(96, 'CRCI-2020-C79-47', 6, NULL, '2020-12-09', '2020-12-09'),
	(62, 'CRCI-2020-C79-49', 2, NULL, '2020-10-01', '2020-10-01'),
	(63, 'CRCI-2020-C79-49', 3, NULL, '2020-10-01', '2020-10-01'),
	(64, 'CRCI-2020-C79-49', 5, NULL, '2020-10-01', '2020-10-01'),
	(65, 'CRCI-2020-C79-49', 7, NULL, '2020-10-01', '2020-10-01'),
	(66, 'CRCI-2020-C79-49', 8, NULL, '2020-10-01', '2020-10-01'),
	(76, 'CRCI-2020-C79-50', 1, NULL, '2020-10-06', '2020-10-06'),
	(77, 'CRCI-2020-C79-50', 2, NULL, '2020-10-06', '2020-10-06'),
	(78, 'CRCI-2020-C79-50', 3, NULL, '2020-10-06', '2020-10-06'),
	(79, 'CRCI-2020-C79-50', 5, NULL, '2020-10-06', '2020-10-06'),
	(80, 'CRCI-2020-C79-50', 7, NULL, '2020-10-06', '2020-10-06'),
	(245, 'CRCI-2021--0001', 1, NULL, '2021-05-12', '2021-05-12'),
	(246, 'CRCI-2021--0001', 2, NULL, '2021-05-12', '2021-05-12'),
	(247, 'CRCI-2021--0001', 3, NULL, '2021-05-12', '2021-05-12'),
	(248, 'CRCI-2021--0001', 4, NULL, '2021-05-12', '2021-05-12'),
	(15, 'CRCI/2020/C1/11', 2, NULL, '2020-04-19', '2020-04-19'),
	(16, 'CRCI/2020/C1/11', 3, NULL, '2020-04-19', '2020-04-19'),
	(17, 'CRCI/2020/C1/11', 4, NULL, '2020-04-19', '2020-04-19'),
	(18, 'CRCI/2020/C1/11', 6, NULL, '2020-04-19', '2020-04-19'),
	(19, 'CRCI/2020/C1/11', 7, NULL, '2020-04-19', '2020-04-19'),
	(20, 'CRCI/2020/C1/12', 2, NULL, '2020-04-19', '2020-04-19'),
	(21, 'CRCI/2020/C1/12', 3, NULL, '2020-04-19', '2020-04-19'),
	(22, 'CRCI/2020/C1/12', 5, NULL, '2020-04-19', '2020-04-19'),
	(23, 'CRCI/2020/C1/17', 2, NULL, '2020-04-26', '2020-04-26'),
	(24, 'CRCI/2020/C1/17', 4, NULL, '2020-04-26', '2020-04-26'),
	(7, 'CRCI/2020/C1/6', 2, NULL, '2020-04-19', '2020-04-19'),
	(8, 'CRCI/2020/C1/6', 3, NULL, '2020-04-19', '2020-04-19'),
	(9, 'CRCI/2020/C1/6', 4, NULL, '2020-04-19', '2020-04-19'),
	(10, 'CRCI/2020/C1/8', 2, NULL, '2020-04-19', '2020-04-19'),
	(11, 'CRCI/2020/C1/8', 3, NULL, '2020-04-19', '2020-04-19'),
	(12, 'CRCI/2020/C1/8', 4, NULL, '2020-04-19', '2020-04-19'),
	(13, 'CRCI/2020/C1/8', 6, NULL, '2020-04-19', '2020-04-19'),
	(14, 'CRCI/2020/C1/8', 7, NULL, '2020-04-19', '2020-04-19'),
	(177, 'DREPANOLE', 3, NULL, '2020-12-15', '2020-12-15'),
	(178, 'DREPANOLE', 5, NULL, '2020-12-15', '2020-12-15'),
	(179, 'DREPANOLE', 6, NULL, '2020-12-15', '2020-12-15'),
	(236, 'DRETINAZ', 3, NULL, '2020-12-15', '2020-12-15'),
	(237, 'DRETINAZ', 5, NULL, '2020-12-15', '2020-12-15'),
	(238, 'DRETINAZ', 6, NULL, '2020-12-15', '2020-12-15'),
	(1, 'L0DER21', 2, NULL, '2020-04-18', '2020-04-18'),
	(2, 'L0DER21', 3, NULL, '2020-04-18', '2020-04-18'),
	(3, 'L0DER21', 4, NULL, '2020-04-18', '2020-04-18'),
	(4, 'L0DER21', 6, NULL, '2020-04-18', '2020-04-18'),
	(5, 'L0DER21', 7, NULL, '2020-04-18', '2020-04-18'),
	(186, 'sqsedrf', 2, NULL, '2020-12-15', '2020-12-15'),
	(242, 'XX-TRE-0098', 3, NULL, '2020-12-15', '2020-12-15'),
	(243, 'XX-TRE-0098', 5, NULL, '2020-12-15', '2020-12-15'),
	(244, 'XX-TRE-0098', 6, NULL, '2020-12-15', '2020-12-15');
/*!40000 ALTER TABLE `personne_diplome` ENABLE KEYS */;

-- Listage de la structure de la table croixrouge2021. personne_privilege
CREATE TABLE IF NOT EXISTS `personne_privilege` (
  `idPersonne_privilege` int NOT NULL AUTO_INCREMENT,
  `PersImmat` varchar(500) DEFAULT NULL,
  `idPrivilege` int DEFAULT NULL,
  `created_at` datetime DEFAULT NULL,
  `updated_at` datetime DEFAULT NULL,
  PRIMARY KEY (`idPersonne_privilege`),
  KEY `PersImmat` (`PersImmat`),
  KEY `idPrivilege` (`idPrivilege`),
  CONSTRAINT `FK__personne` FOREIGN KEY (`PersImmat`) REFERENCES `personne` (`personne_immat`),
  CONSTRAINT `FK__privilege` FOREIGN KEY (`idPrivilege`) REFERENCES `privilege` (`idPrivilege`)
) ENGINE=InnoDB AUTO_INCREMENT=9 DEFAULT CHARSET=utf8;

-- Listage des données de la table croixrouge2021.personne_privilege : ~8 rows (environ)
/*!40000 ALTER TABLE `personne_privilege` DISABLE KEYS */;
REPLACE INTO `personne_privilege` (`idPersonne_privilege`, `PersImmat`, `idPrivilege`, `created_at`, `updated_at`) VALUES
	(1, 'CRCI-2020-C79-50', 1, '2020-10-08 15:40:23', '2020-10-08 15:40:23'),
	(2, 'CRCI-2020-C79-50', 2, '2020-10-08 15:40:23', '2020-10-08 15:40:23'),
	(3, 'CRCI-2020-C79-50', 3, '2020-10-08 15:40:23', '2020-10-08 15:40:23'),
	(4, 'CRCI-2020-C79-50', 4, '2020-10-08 15:40:23', '2020-10-08 15:40:23'),
	(5, 'CRCI-2020-C79-50', 5, '2020-10-08 15:40:23', '2020-10-08 15:40:23'),
	(6, 'CRCI-2020-C79-50', 6, '2020-10-08 15:40:23', '2020-10-08 15:40:23'),
	(7, 'CRCI-2020-C79-50', 7, '2020-10-08 15:40:23', '2020-10-08 15:40:23'),
	(8, 'CRCI-2020-C79-50', 8, '2020-10-08 15:40:23', '2020-10-08 15:40:23');
/*!40000 ALTER TABLE `personne_privilege` ENABLE KEYS */;

-- Listage de la structure de la table croixrouge2021. privilege
CREATE TABLE IF NOT EXISTS `privilege` (
  `idPrivilege` int NOT NULL AUTO_INCREMENT,
  `privilege_libelle` varchar(500) NOT NULL,
  `idmodule` int NOT NULL DEFAULT '0',
  `Topactif` int NOT NULL DEFAULT '1',
  PRIMARY KEY (`idPrivilege`),
  KEY `idmodule` (`idmodule`),
  CONSTRAINT `FK_privilege_module` FOREIGN KEY (`idmodule`) REFERENCES `module` (`idModule`)
) ENGINE=InnoDB AUTO_INCREMENT=9 DEFAULT CHARSET=utf8;

-- Listage des données de la table croixrouge2021.privilege : ~8 rows (environ)
/*!40000 ALTER TABLE `privilege` DISABLE KEYS */;
REPLACE INTO `privilege` (`idPrivilege`, `privilege_libelle`, `idmodule`, `Topactif`) VALUES
	(1, 'Enregistrer un volontaire', 1, 1),
	(2, 'Modifier un volontaire', 1, 1),
	(3, 'Supprimer un volontaire', 1, 1),
	(4, 'Créer un nouveau compte', 4, 1),
	(5, 'Activer / desactiver un compte', 4, 1),
	(6, 'Supprimer un compte', 4, 1),
	(7, 'Modifier un compte', 4, 1),
	(8, 'Afficher la liste des comptes', 4, 1);
/*!40000 ALTER TABLE `privilege` ENABLE KEYS */;

-- Listage de la structure de la table croixrouge2021. privileges
CREATE TABLE IF NOT EXISTS `privileges` (
  `idprivilege` int NOT NULL AUTO_INCREMENT,
  `privilegeLibelle` varchar(250) DEFAULT NULL,
  `privilegeActiv` int DEFAULT NULL COMMENT 'activer les privilege 1 activ et 0 inactiv',
  PRIMARY KEY (`idprivilege`)
) ENGINE=InnoDB DEFAULT CHARSET=utf8;

-- Listage des données de la table croixrouge2021.privileges : ~0 rows (environ)
/*!40000 ALTER TABLE `privileges` DISABLE KEYS */;
/*!40000 ALTER TABLE `privileges` ENABLE KEYS */;

-- Listage de la structure de la table croixrouge2021. profession
CREATE TABLE IF NOT EXISTS `profession` (
  `idprofession` int NOT NULL AUTO_INCREMENT,
  `profession_libelle` varchar(150) DEFAULT NULL,
  PRIMARY KEY (`idprofession`)
) ENGINE=InnoDB AUTO_INCREMENT=289 DEFAULT CHARSET=utf8;

-- Listage des données de la table croixrouge2021.profession : ~288 rows (environ)
/*!40000 ALTER TABLE `profession` DISABLE KEYS */;
REPLACE INTO `profession` (`idprofession`, `profession_libelle`) VALUES
	(1, 'Comptable'),
	(2, 'Etudiant'),
	(3, 'Medecin'),
	(4, 'commerçante'),
	(5, 'ménagère'),
	(6, 'entreprenant'),
	(7, 'Médiateur pénal'),
	(8, 'Agent privé de recherche'),
	(9, 'Chargé d\'enquête'),
	(10, 'Conseil financier'),
	(11, 'Expert judiciaire'),
	(12, 'Expert pres les tribunaux'),
	(13, 'Documentaliste'),
	(14, 'Huissieur de justice'),
	(15, 'Conseil qualité comptable'),
	(16, 'Autre'),
	(17, 'Services administratifs divers'),
	(18, 'Expert agrigole'),
	(19, 'Expert forestier'),
	(20, 'Poissonnier'),
	(21, 'Charcutiers-traiteurs '),
	(22, 'Vendeurs de pizza'),
	(23, 'Bouchers'),
	(24, 'Boulangers'),
	(25, 'Pâtissiers'),
	(26, 'Chocolatiers confiseurs'),
	(27, 'Autre'),
	(28, 'Fabrication de plats prêts à consommer, à emporter'),
	(29, 'Fabrication d\'autres produits alimentaires'),
	(30, 'Expert en écritures'),
	(31, 'Expert en objets d\'art'),
	(32, 'Décorateur'),
	(33, 'Décorateur conseil'),
	(34, 'Décorateur ensemblier'),
	(35, 'Dessin de bijoux'),
	(36, 'Mosaiste'),
	(37, 'Peintre sur soie'),
	(38, 'Créateur d\'art'),
	(39, 'Dessinateur'),
	(40, 'Graphiste'),
	(41, 'Licier'),
	(42, 'Modéliste'),
	(43, 'Photographe d\'art'),
	(44, 'Potier'),
	(45, 'Relieur d\'art'),
	(46, 'Décorateur floraux'),
	(47, 'Restaurateur d\'art'),
	(48, 'Animateur, speaker'),
	(49, 'Etalagiste'),
	(50, 'Caricaturiste'),
	(51, 'Coloriste'),
	(52, 'Styliste'),
	(53, 'Autre'),
	(54, 'Journaliste Indépendant'),
	(55, 'Ingénieur du son '),
	(56, 'Noteur copiste'),
	(57, 'Sténotypiste de conférence'),
	(58, 'Traducteur technique'),
	(59, 'Transcripteur'),
	(60, 'Auteur de mots croisés'),
	(61, 'Conférencier'),
	(62, 'Correspondants de presse'),
	(63, 'Ecrivain public'),
	(64, 'Journaliste d\'entreprise'),
	(65, 'Lecteur'),
	(66, 'Pigiste'),
	(67, 'Rédacteur'),
	(68, 'Secrétaire à domicile'),
	(69, 'Conseil artistique'),
	(70, 'Conseil en communication'),
	(71, 'Conseil en publicité'),
	(72, 'Conseil en relations publiques'),
	(73, 'Conseil littéraire'),
	(74, 'Conseil en formation'),
	(75, 'Attaché de presse'),
	(76, 'Réalisateur audiovisuel'),
	(77, 'Autre'),
	(78, 'Economiste de la construction'),
	(79, 'Ingénieur thermicien'),
	(80, 'Cartographe'),
	(81, 'Géomètre'),
	(82, 'Métreur'),
	(83, 'Topographe'),
	(84, 'Esthétique industrielle'),
	(85, 'Paysagiste'),
	(86, 'Scénographe'),
	(87, 'Urbaniste'),
	(88, 'Architecte'),
	(89, 'Architecte d\'intérieur'),
	(90, 'Concepteur'),
	(91, 'Conseil technique'),
	(92, 'Coordinateur'),
	(93, 'Coordinateur de travaux'),
	(94, 'Céramiste'),
	(95, 'Ciseleur'),
	(96, 'Coloriste'),
	(97, 'Emailleur'),
	(98, 'Feronnier d\'art'),
	(99, 'Peintre'),
	(100, 'Plombier'),
	(101, 'Electricien'),
	(102, 'Maçon'),
	(103, 'Autre'),
	(104, 'Installation de systèmes d\'alarme et activités associées de surveillance'),
	(105, 'Menuisier'),
	(106, 'Ebéniste'),
	(107, 'Charpentier'),
	(108, 'Couvreur'),
	(109, 'Educateur'),
	(110, 'Formateur'),
	(111, 'Professeur'),
	(112, 'Professeur de danse'),
	(113, 'Professeur de dessin'),
	(114, 'Professeur de langues'),
	(115, 'Professeur de musique'),
	(116, 'Exploitants d’auto-école'),
	(117, 'Professeur de yoga'),
	(118, 'Autre'),
	(119, 'Administrateur Bases de Données '),
	(120, 'Administrateur Systèmes et Réseaux '),
	(121, 'Analyste '),
	(122, 'Architecte '),
	(123, 'Assistant Chef de Projet '),
	(124, 'Business Analyste '),
	(125, 'Chef de Projet '),
	(126, 'Consultant '),
	(127, 'Consultant MOA '),
	(128, 'Designer Web '),
	(129, 'Dessinateur Industriel '),
	(130, 'Développeur '),
	(131, 'Directeur des Systèmes d’Information '),
	(132, 'Directeur Projet '),
	(133, 'Formateur '),
	(134, 'Infographiste '),
	(135, 'Ingénieur '),
	(136, 'Ingénieur Aéronautique '),
	(137, 'Ingénieur Calcul '),
	(138, 'Ingénieur commercial '),
	(139, 'Ingénieur Systèmes Réseaux '),
	(140, 'Ingénieur Télécommunications '),
	(141, 'QA Manager '),
	(142, 'Rédacteur technique '),
	(143, 'Responsable Systemes et Reseaux '),
	(144, 'Scrum Master '),
	(145, 'Software packager '),
	(146, 'Team Leader '),
	(147, 'Testeur '),
	(148, 'Webmaster '),
	(149, 'Autre '),
	(150, 'Réparation d\'ordinateurs et d\'équipements de communication'),
	(151, 'Agents commerciaux'),
	(152, 'Etudes de marché'),
	(153, 'Designer'),
	(154, 'Dessin de publicité'),
	(155, 'Conseil commercial'),
	(156, 'Conseil en marketing'),
	(157, 'Intermédiaires et auxiliaires du commerce assujettis à l’impôt sur le revenu dans la catégorie des BIC ou des BNC,'),
	(158, 'Autre'),
	(159, 'Expert textiles'),
	(160, 'Expert en cuir'),
	(161, 'Habillement'),
	(162, 'Bois et ameublement'),
	(163, 'Autre'),
	(164, 'Aide relationnelle'),
	(165, 'Assistant social'),
	(166, 'Conseil social'),
	(167, 'Gérant de tutelle'),
	(168, 'Enquêteur social'),
	(169, 'Médecin conseil'),
	(170, 'Manipulateur d\'électrocardiologie'),
	(171, 'Dessin chirurgical'),
	(172, 'Psychanalyste'),
	(173, 'Psychologue conseil'),
	(174, 'Psychomotricien'),
	(175, 'Psychothérapeute'),
	(176, 'Conseil médical'),
	(177, 'Psychosociologue'),
	(178, 'Autre'),
	(179, 'Soins de beauté dont le modelage esthétique de bien-être et de confort'),
	(180, 'Ergotherapeute'),
	(181, 'Esthéticienne'),
	(182, 'Musicothérapeute'),
	(183, 'Naturopathe'),
	(184, 'Nutritionniste'),
	(185, 'Ostéopathe'),
	(186, 'Prédicateur'),
	(187, 'Personnes qui exercent une profession mettant en pratique les sciences occultes ou parapsychologiques assujetties à la taxe professionnelle'),
	(188, 'Naturaliste'),
	(189, 'Coiffeurs et coiffeurs à domicile'),
	(190, 'Thanatopracteurs'),
	(191, 'Mandataires libres, non assimilés aux salariés et qui n’exercent pas leur activité pour le compte d’un membre d’une profession libérale'),
	(192, 'Chauffeurs propriétaires de leur véhicule'),
	(193, 'Marchands de journaux en kiosques, terrasses et postes fixes,'),
	(194, 'Courtiers d’assurance maritime'),
	(195, 'Courtiers en billets de loterie nationale et en bulletins de loto non titulaires d’un contrat de travail,'),
	(196, 'Autre'),
	(197, 'Toilettage d\'animaux de compagnie'),
	(198, 'Préparation des repas à domicile, et commissions'),
	(199, 'Entretien de la maison et travaux ménagers'),
	(200, 'Petits travaux de jardinage, y compris les travaux de débroussaillage'),
	(201, 'Garde d’enfant à domicile'),
	(202, 'Prestations de petit bricolage dites «hommes toutes mains »'),
	(203, 'Soutien scolaire ou cours à domicile'),
	(204, 'Soins et promenade d’animaux de compagnie pour les personnes dépendantes'),
	(205, 'Assistance informatique et Internet à domicile'),
	(206, 'Maintenance, entretien et vigilance temporaires, à domicile, de la résidence principale et secondaire'),
	(207, 'Accompagnement des enfants dans leurs déplacements, des personnes âgées ou handicapées en dehors de leur domicile'),
	(208, 'Livraison de courses à domicile'),
	(209, 'Soins d’esthétique à domicile pour les personnes dépendantes'),
	(210, 'Entretien et réparation de véhicules automobiles'),
	(211, 'Entretien et réparation de motocycles'),
	(212, 'Services de déménagement'),
	(213, 'Activités photographiques (sauf photojournalisme ou photos d\'art)'),
	(214, 'Nettoyage industriel et autres activités de nettoyage des bâtiments dont ramonage'),
	(215, 'Désinfection, désinsectisation, dératisation'),
	(216, 'Récupération de déchets triés'),
	(217, 'Autres'),
	(218, 'Investigateur'),
	(219, 'Capitaine expert'),
	(220, 'Economiste conseil'),
	(221, 'Expert'),
	(222, 'Hotesse d\'exposition'),
	(223, 'Vigile'),
	(224, 'Coach '),
	(225, 'Dessinateur industriel'),
	(226, 'Dessinateur projeteur'),
	(227, 'Dessinateur technique'),
	(228, 'Ingénieur expert'),
	(229, 'Maitre d\'oeuvre'),
	(230, 'Maquettiste'),
	(231, 'Travaux acrobatiques'),
	(232, 'Conseil en brevet d\'invention'),
	(233, 'Conseil scientifique'),
	(234, 'Inventeur'),
	(235, 'Vérificateur'),
	(236, 'Géobiologiste'),
	(237, 'Géologue'),
	(238, 'Graphologue'),
	(239, 'Interprète'),
	(240, 'Administrateur'),
	(241, 'Conseil de gestion'),
	(242, 'Gérant de holding'),
	(243, 'Conseil de sociétés'),
	(244, 'Conseil d\'entreprise'),
	(245, 'Conseil en management'),
	(246, 'Conseil en organisation'),
	(247, 'Inventoriste (pharmacie)'),
	(248, 'Conseil logistique'),
	(249, 'Conseil ergonome'),
	(250, 'Exploitants forestiers-négociants en bois,'),
	(251, 'Exploitants de laveries automatiques,'),
	(252, 'Chefs d’établissements d’enseignement privé'),
	(253, 'Concessionnaires ou exploitants de toilettes ou vestiaires'),
	(254, 'Porteurs manutentionnaires non salariés,'),
	(255, 'Placiers sur les marchés,'),
	(256, 'Conseil scientifique'),
	(257, 'Autre'),
	(258, 'Historien'),
	(259, 'Joueur professionnel'),
	(260, 'Pilote'),
	(261, 'Rafting'),
	(262, 'Skipper'),
	(263, 'Accompagnateur en moyenne montagne'),
	(264, 'Coach sportif'),
	(265, 'Entraineur d\'échecs'),
	(266, 'Entraineur sportif'),
	(267, 'Guide de montagne'),
	(268, 'Maitre-nageur'),
	(269, 'Moniteur'),
	(270, 'Moniteur de ski'),
	(271, 'Moniteur de voile'),
	(272, 'Professeur de sport'),
	(273, 'Professeur de tennis'),
	(274, 'Sportif'),
	(275, 'Accompagnateur de groupes'),
	(276, 'Animateur d\'art'),
	(277, 'Animateur-speaker'),
	(278, 'Guide touristique'),
	(279, 'Mannequin'),
	(280, 'Modèle'),
	(281, 'Répétiteur'),
	(282, 'Autre'),
	(283, 'Expert automobiles'),
	(284, 'Expert maritime'),
	(285, 'Assistant aéroportuaire (agent de sécurité, vigile)'),
	(286, 'Architecte naval'),
	(287, 'Autre'),
	(288, 'Autre');
/*!40000 ALTER TABLE `profession` ENABLE KEYS */;

-- Listage de la structure de la table croixrouge2021. profil
CREATE TABLE IF NOT EXISTS `profil` (
  `idprofil` int NOT NULL AUTO_INCREMENT,
  `profil_libelle` varchar(150) DEFAULT NULL,
  PRIMARY KEY (`idprofil`)
) ENGINE=InnoDB AUTO_INCREMENT=3 DEFAULT CHARSET=utf8;

-- Listage des données de la table croixrouge2021.profil : ~2 rows (environ)
/*!40000 ALTER TABLE `profil` DISABLE KEYS */;
REPLACE INTO `profil` (`idprofil`, `profil_libelle`) VALUES
	(1, 'actif'),
	(2, 'inactif');
/*!40000 ALTER TABLE `profil` ENABLE KEYS */;

-- Listage de la structure de la table croixrouge2021. sessions
CREATE TABLE IF NOT EXISTS `sessions` (
  `id` varchar(255) NOT NULL,
  `user_id` bigint unsigned DEFAULT NULL,
  `ip_address` varchar(45) DEFAULT NULL,
  `user_agent` text,
  `payload` text NOT NULL,
  `last_activity` int NOT NULL,
  UNIQUE KEY `sessions_id_unique` (`id`)
) ENGINE=InnoDB DEFAULT CHARSET=utf8;

-- Listage des données de la table croixrouge2021.sessions : ~0 rows (environ)
/*!40000 ALTER TABLE `sessions` DISABLE KEYS */;
/*!40000 ALTER TABLE `sessions` ENABLE KEYS */;

-- Listage de la structure de la table croixrouge2021. situation_matrimoniale
CREATE TABLE IF NOT EXISTS `situation_matrimoniale` (
  `idSitMat` int NOT NULL AUTO_INCREMENT,
  `libelle_SitMat` varchar(150) DEFAULT NULL,
  PRIMARY KEY (`idSitMat`)
) ENGINE=InnoDB AUTO_INCREMENT=4 DEFAULT CHARSET=utf8;

-- Listage des données de la table croixrouge2021.situation_matrimoniale : ~3 rows (environ)
/*!40000 ALTER TABLE `situation_matrimoniale` DISABLE KEYS */;
REPLACE INTO `situation_matrimoniale` (`idSitMat`, `libelle_SitMat`) VALUES
	(0, 'Celibataire'),
	(1, 'Marié(e)'),
	(2, 'Veuf(ve)');
/*!40000 ALTER TABLE `situation_matrimoniale` ENABLE KEYS */;

-- Listage de la structure de la table croixrouge2021. typepiece
CREATE TABLE IF NOT EXISTS `typepiece` (
  `idTypePiece` int NOT NULL AUTO_INCREMENT,
  `libelleTypePiece` varchar(150) NOT NULL DEFAULT '',
  PRIMARY KEY (`idTypePiece`),
  KEY `idTypePiece` (`idTypePiece`)
) ENGINE=InnoDB AUTO_INCREMENT=5 DEFAULT CHARSET=utf8;

-- Listage des données de la table croixrouge2021.typepiece : ~4 rows (environ)
/*!40000 ALTER TABLE `typepiece` DISABLE KEYS */;
REPLACE INTO `typepiece` (`idTypePiece`, `libelleTypePiece`) VALUES
	(1, 'CNI'),
	(2, 'PASSEPORT'),
	(3, 'ATTESTATION D\'IDENTITE'),
	(4, 'CARTE CONSULAIRE');
/*!40000 ALTER TABLE `typepiece` ENABLE KEYS */;

-- Listage de la structure de la table croixrouge2021. users
CREATE TABLE IF NOT EXISTS `users` (
  `idUsers` int NOT NULL AUTO_INCREMENT,
  `persImmat` varchar(255) DEFAULT NULL,
  `login` varchar(255) DEFAULT NULL,
  `password` varchar(255) DEFAULT NULL,
  `passdecode` varchar(255) DEFAULT NULL,
  `login_verified_at` datetime DEFAULT CURRENT_TIMESTAMP,
  `remember_token` varchar(100) DEFAULT NULL,
  `created_at` datetime DEFAULT NULL,
  `updated_at` datetime DEFAULT NULL,
  `active` int DEFAULT '0',
  `status` int DEFAULT '0' COMMENT '0 deconnecté , 1 connecté',
  PRIMARY KEY (`idUsers`),
  KEY `persImmat` (`persImmat`),
  CONSTRAINT `FK_users_personne` FOREIGN KEY (`persImmat`) REFERENCES `personne` (`personne_immat`) ON UPDATE CASCADE
) ENGINE=InnoDB AUTO_INCREMENT=14 DEFAULT CHARSET=utf8;

-- Listage des données de la table croixrouge2021.users : ~6 rows (environ)
/*!40000 ALTER TABLE `users` DISABLE KEYS */;
REPLACE INTO `users` (`idUsers`, `persImmat`, `login`, `password`, `passdecode`, `login_verified_at`, `remember_token`, `created_at`, `updated_at`, `active`, `status`) VALUES
	(1, 'CRCI-2020-C1-16', 'miki225', '$2y$10$ZlDi2h1ycjx/8.eJUxSUdu3Eo0cJna8PnDp2RCirbfmOmNNBtqaGa', '987654321', NULL, NULL, NULL, '2020-12-14 08:20:41', 1, 0),
	(2, 'CRCI-2020-C79-50', 'lemains', '$2y$10$JrGY7JWmN3/Zh8PRcGijR.62jfttBPynucZDtfmsJ8RdOjQsoZt46', NULL, '2020-10-08 15:40:23', NULL, '2020-10-08 15:40:23', '2020-12-09 10:18:18', 1, 0),
	(10, 'CRCI-2020-C1-34', 'lovalova', '$2y$10$mB9dt3.extByLI1YGie6JeWIuHTdyMQm02oeoHa6Yvrl4quT7Ky.e', 'bonjourlova', '2020-12-09 10:33:01', NULL, '2020-12-09 10:33:01', '2020-12-09 12:05:40', 1, 0),
	(11, 'CRCI-2020-C1-31', 'bechobrice', '$2y$10$kSjnzF3mMQO6JSHbmA.xveYS7meKjIRptRzueb22cjac/pCS1Zjlq', NULL, '2020-12-09 10:36:22', NULL, '2020-12-09 10:36:22', '2020-12-09 10:36:22', 1, 1),
	(12, NULL, 'miki225', '$2y$10$KHDmYyTQ97dEALMb1qbWQuyxzjD.YcKnIyLV2luUFPyj1JnQ7Nsfq', 'AZERTYUIOP', '2020-12-14 11:59:00', NULL, '2020-12-14 11:59:00', '2020-12-14 11:59:00', 0, 0),
	(13, NULL, 'miki225', '$2y$10$94aRHcjHSn3NvBI/4eq9HuRBKjrFZDYkxlp2llLgv56ZST3Eb6U3W', '987654321', '2020-12-14 12:08:07', NULL, '2020-12-14 12:08:07', '2020-12-14 12:08:07', 0, 0);
/*!40000 ALTER TABLE `users` ENABLE KEYS */;

-- Listage de la structure de la table croixrouge2021. ville
CREATE TABLE IF NOT EXISTS `ville` (
  `idville` int NOT NULL AUTO_INCREMENT,
  `ville_libelle` varchar(150) DEFAULT NULL,
  `pays_idpays` int NOT NULL,
  PRIMARY KEY (`idville`),
  KEY `fk_ville_pays1_idx` (`pays_idpays`),
  CONSTRAINT `fk_ville_pays1` FOREIGN KEY (`pays_idpays`) REFERENCES `pays` (`idpays`)
) ENGINE=InnoDB AUTO_INCREMENT=3 DEFAULT CHARSET=utf8;

-- Listage des données de la table croixrouge2021.ville : ~0 rows (environ)
/*!40000 ALTER TABLE `ville` DISABLE KEYS */;
REPLACE INTO `ville` (`idville`, `ville_libelle`, `pays_idpays`) VALUES
	(1, 'Abidjan', 1);
/*!40000 ALTER TABLE `ville` ENABLE KEYS */;

-- Listage de la structure de la table croixrouge2021. villes
CREATE TABLE IF NOT EXISTS `villes` (
  `PAYS_CODE` varchar(3) NOT NULL,
  `VIL_IDENTIFIANT` int NOT NULL,
  `VIL_NOM` varchar(250) NOT NULL,
  `VIL_ABREV` varchar(250) DEFAULT NULL,
  `VIL_FORMAT_RCCM` varchar(20) DEFAULT NULL,
  `VIL_TOP_VIGUEUR` int DEFAULT '0' COMMENT '0= en vigueur; 1=supprimé',
  PRIMARY KEY (`VIL_IDENTIFIANT`),
  KEY `PAYS_CODE` (`PAYS_CODE`),
  CONSTRAINT `FK_villes_pays_nationalite` FOREIGN KEY (`PAYS_CODE`) REFERENCES `pays_nationalite` (`PAYS_CODE`) ON UPDATE CASCADE
) ENGINE=InnoDB DEFAULT CHARSET=utf8;

-- Listage des données de la table croixrouge2021.villes : ~1 243 rows (environ)
/*!40000 ALTER TABLE `villes` DISABLE KEYS */;
REPLACE INTO `villes` (`PAYS_CODE`, `VIL_IDENTIFIANT`, `VIL_NOM`, `VIL_ABREV`, `VIL_FORMAT_RCCM`, `VIL_TOP_VIGUEUR`) VALUES
	('CIV', 1, 'Abidjan', 'ABJ', 'CI-ABJ', 0),
	('CIV', 2, 'Abengourou', 'ABG', 'CI-ABG', 0),
	('CIV', 3, 'Abiaty', 'ATY', NULL, 0),
	('CIV', 4, 'Abié', 'ABI', NULL, 0),
	('CIV', 5, 'Aboisso', 'ABS', 'CI-ABS', 0),
	('CIV', 6, 'Aboisso-Comoé', 'ABC', NULL, 0),
	('CIV', 7, 'Abongoua', 'AGA', NULL, 0),
	('CIV', 8, 'Aboudé', 'ABD', NULL, 0),
	('CIV', 9, 'Aboulié', 'ALE', NULL, 0),
	('CIV', 10, 'Abraco', 'ABR', NULL, 0),
	('CIV', 11, 'Abradinou', 'ABU', NULL, 0),
	('CIV', 12, 'Abronamoué', 'ABE', NULL, 0),
	('CIV', 13, 'Aby', '', NULL, 0),
	('CIV', 14, 'Adahidoukou', '', NULL, 0),
	('CIV', 15, 'Adaou', '', NULL, 0),
	('CIV', 16, 'Addah', '', NULL, 0),
	('CIV', 17, 'Adessé', '', NULL, 0),
	('CIV', 18, 'Adiaké', '', NULL, 0),
	('CIV', 19, 'Adjaméné', '', NULL, 0),
	('CIV', 20, 'Adjouan', '', NULL, 0),
	('CIV', 21, 'Adzopé', 'ADZ', NULL, 0),
	('CIV', 22, 'Affalikro', '', NULL, 0),
	('CIV', 23, 'Afféry', '', NULL, 0),
	('CIV', 24, 'Affiénou', '', NULL, 0),
	('CIV', 25, 'Agbaou-Ahéoua', '', NULL, 0),
	('CIV', 26, 'Agboville', 'AGB', NULL, 0),
	('CIV', 27, 'Agnibilekro', '', NULL, 0),
	('CIV', 28, 'Agou', '', NULL, 0),
	('CIV', 29, 'Ahigbé-Koffikro', '', NULL, 0),
	('CIV', 30, 'Ahouabo-Bouapé', '', NULL, 0),
	('CIV', 31, 'ahouakro', '', NULL, 0),
	('CIV', 32, 'Ahouanou', '', NULL, 0),
	('CIV', 33, 'Ahua', '', NULL, 0),
	('CIV', 34, 'Akabia', '', NULL, 0),
	('CIV', 35, 'Akoboissué', '', NULL, 0),
	('CIV', 36, 'Akounougbè', '', NULL, 0),
	('CIV', 37, 'Akoupé', '', NULL, 0),
	('CIV', 38, 'Akouré', '', NULL, 0),
	('CIV', 39, 'Akradio', '', NULL, 0),
	('CIV', 40, 'Akréssi', '', NULL, 0),
	('CIV', 41, 'Akridou-Laddé', '', NULL, 0),
	('CIV', 42, 'Alépé', '', NULL, 0),
	('CIV', 43, 'Alosso', '', NULL, 0),
	('CIV', 44, 'Amanikro', '', NULL, 0),
	('CIV', 45, 'Amélékia', '', NULL, 0),
	('CIV', 46, 'AmianKouassikro', '', NULL, 0),
	('CIV', 47, 'Amoriakro', '', NULL, 0),
	('CIV', 48, 'Ananguié', '', NULL, 0),
	('CIV', 49, 'Ananguié', '', NULL, 0),
	('CIV', 50, 'Ancien Proz', '', NULL, 0),
	('CIV', 51, 'Ancien Prozi', '', NULL, 0),
	('CIV', 52, 'Andou M’batto', '', NULL, 0),
	('CIV', 53, 'Angovia', '', NULL, 0),
	('CIV', 54, 'Aniansué', '', NULL, 0),
	('CIV', 55, 'Annépé', '', NULL, 0),
	('CIV', 56, 'Anno', '', NULL, 0),
	('CIV', 57, 'Appoisso', '', NULL, 0),
	('CIV', 58, 'Appouasso', '', NULL, 0),
	('CIV', 59, 'Apprompron-Afèwa', '', NULL, 0),
	('CIV', 60, 'Apprompronou', '', NULL, 0),
	('CIV', 61, 'Arokpa', '', NULL, 0),
	('CIV', 62, 'Assikoi', '', NULL, 0),
	('CIV', 63, 'Assinie-Mafia', '', NULL, 0),
	('CIV', 64, 'Assomlan', '', NULL, 0),
	('CIV', 65, 'Assouba', '', NULL, 0),
	('CIV', 66, 'Assouindé', '', NULL, 0),
	('CIV', 67, 'Attiékro', '', NULL, 0),
	('CIV', 68, 'Attiguéhi', '', NULL, 0),
	('CIV', 69, 'Attobrou', '', NULL, 0),
	('CIV', 70, 'Attoutou A', '', NULL, 0),
	('CIV', 71, 'Ayamé', '', NULL, 0),
	('CIV', 72, 'Ayénouan', '', NULL, 0),
	('CIV', 73, 'Azaguié', '', NULL, 0),
	('CIV', 74, 'Bacanda', '', NULL, 0),
	('CIV', 75, 'Bacon', '', NULL, 0),
	('CIV', 76, 'Bagohouo', '', NULL, 0),
	('CIV', 77, 'Bahé Sebon', '', NULL, 0),
	('CIV', 78, 'Bahoulifla', '', NULL, 0),
	('CIV', 79, 'Bakanou', '', NULL, 0),
	('CIV', 80, 'Bakoubly', '', NULL, 0),
	('CIV', 81, 'Balokuya', '', NULL, 0),
	('CIV', 82, 'Bandiahi', '', NULL, 0),
	('CIV', 83, 'Bangolo', '', NULL, 0),
	('CIV', 84, 'Bangoua', '', NULL, 0),
	('CIV', 85, 'Banneu', '', NULL, 0),
	('CIV', 86, 'Bannonfla', '', NULL, 0),
	('CIV', 87, 'Bayota', '', NULL, 0),
	('CIV', 88, 'Bazra-Nattis', '', NULL, 0),
	('CIV', 89, 'Bazré', '', NULL, 0),
	('CIV', 90, 'Bécédi-Brignan', '', NULL, 0),
	('CIV', 91, 'Bécouéfin', '', NULL, 0),
	('CIV', 92, 'Bédiala', '', NULL, 0),
	('CIV', 93, 'Bédi-Goazo', '', NULL, 0),
	('CIV', 94, 'Bégbessou', '', NULL, 0),
	('CIV', 95, 'Belleville', '', NULL, 0),
	('CIV', 96, 'Béoué', '', NULL, 0),
	('CIV', 97, 'Béoué-Zibiao', '', NULL, 0),
	('CIV', 98, 'Béttié', '', NULL, 0),
	('CIV', 99, 'Biakalé', '', NULL, 0),
	('CIV', 100, 'Biankouma', '', NULL, 0),
	('CIV', 101, 'Bianouan', '', NULL, 0),
	('CIV', 102, 'Biasso', '', NULL, 0),
	('CIV', 103, 'Biéby', '', NULL, 0),
	('CIV', 104, 'Biélé', '', NULL, 0),
	('CIV', 105, 'Bin-Houyé', '', NULL, 0),
	('CIV', 106, 'Binzra', '', NULL, 0),
	('CIV', 107, 'Bla', '', NULL, 0),
	('CIV', 108, 'Blahou', '', NULL, 0),
	('CIV', 109, 'Blanfla', '', NULL, 0),
	('CIV', 110, 'Blapleu', '', NULL, 0),
	('CIV', 111, 'Bléanianda', '', NULL, 0),
	('CIV', 112, 'Bléniméouin', '', NULL, 0),
	('CIV', 113, 'Blidouba', '', NULL, 0),
	('CIV', 114, 'Blita', '', NULL, 0),
	('CIV', 115, 'Blolequin', '', NULL, 0),
	('CIV', 116, 'Blotilé', '', NULL, 0),
	('CIV', 117, 'Bodo', '', NULL, 0),
	('CIV', 118, 'Bogoboua', '', NULL, 0),
	('CIV', 119, 'Bogouiné', '', NULL, 0),
	('CIV', 120, 'Bogouiné', '', NULL, 0),
	('CIV', 121, 'Boguédia', '', NULL, 0),
	('CIV', 122, 'Bohobli', '', NULL, 0),
	('CIV', 123, 'Bokpaki-Diollé', '', NULL, 0),
	('CIV', 124, 'Bonahouin', '', NULL, 0),
	('CIV', 125, 'Bongo', '', NULL, 0),
	('CIV', 126, 'Bonon', '', NULL, 0),
	('CIV', 127, 'Bonoua', '', NULL, 0),
	('CIV', 128, 'Bonoufla', '', NULL, 0),
	('CIV', 129, 'Botindé', '', NULL, 0),
	('CIV', 130, 'Bouaflé', '', NULL, 0),
	('CIV', 131, 'Bouboury', '', NULL, 0),
	('CIV', 132, 'Boudépé', '', NULL, 0),
	('CIV', 133, 'Boussoukro', '', NULL, 0),
	('CIV', 134, 'Boutoubré', '', NULL, 0),
	('CIV', 135, 'Bozi', '', NULL, 0),
	('CIV', 136, 'Bricolo', '', NULL, 0),
	('CIV', 137, 'Brihiri', '', NULL, 0),
	('CIV', 138, 'Broma', '', NULL, 0),
	('CIV', 139, 'Broubrou', '', NULL, 0),
	('CIV', 140, 'Broudoukou Penda', '', NULL, 0),
	('CIV', 141, 'Buyo', '', NULL, 0),
	('CIV', 142, 'Céchi', '', NULL, 0),
	('CIV', 143, 'Chiépo', '', NULL, 0),
	('CIV', 144, 'Cosrou', '', NULL, 0),
	('CIV', 145, 'Dabou', 'DAB', NULL, 0),
	('CIV', 146, 'Dadéguhé', '', NULL, 0),
	('CIV', 147, 'Dagadji', '', NULL, 0),
	('CIV', 148, 'Dah', '', NULL, 0),
	('CIV', 149, 'Dahiépa-Kéhi', '', NULL, 0),
	('CIV', 150, 'Dahiri', '', NULL, 0),
	('CIV', 151, 'Dairo-Didozo', '', NULL, 0),
	('CIV', 152, 'Dakouritrohouin', '', NULL, 0),
	('CIV', 153, 'Dakpadou', '', NULL, 0),
	('CIV', 154, 'Daloa', '', NULL, 0),
	('CIV', 155, 'Damé', '', NULL, 0),
	('CIV', 156, 'Danané', 'DAN', NULL, 0),
	('CIV', 157, 'Danangoro', '', NULL, 0),
	('CIV', 158, 'Dananon', '', NULL, 0),
	('CIV', 159, 'Danguira', '', NULL, 0),
	('CIV', 160, 'Dania', '', NULL, 0),
	('CIV', 161, 'Danipleu', '', NULL, 0),
	('CIV', 162, 'Dapéoua', '', NULL, 0),
	('CIV', 163, 'Dapo-Ibobé', '', NULL, 0),
	('CIV', 164, 'Dassioko', '', NULL, 0),
	('CIV', 165, 'Dédégbeu', '', NULL, 0),
	('CIV', 166, 'Dédiafla', '', NULL, 0),
	('CIV', 167, 'Déhzra', '', NULL, 0),
	('CIV', 168, 'Détroya', '', NULL, 0),
	('CIV', 169, 'Diacohou-Nord', '', NULL, 0),
	('CIV', 170, 'Diahouin', '', NULL, 0),
	('CIV', 171, 'Diai', '', NULL, 0),
	('CIV', 172, 'Diamarakro', '', NULL, 0),
	('CIV', 173, 'Diangobo', '', NULL, 0),
	('CIV', 174, 'Diangobo', '', NULL, 0),
	('CIV', 175, 'Diapléan', '', NULL, 0),
	('CIV', 176, 'Diasson', '', NULL, 0),
	('CIV', 177, 'Dibobly', '', NULL, 0),
	('CIV', 178, 'Diboké', '', NULL, 0),
	('CIV', 179, 'Didoko', '', NULL, 0),
	('CIV', 180, 'Diégonéfla', '', NULL, 0),
	('CIV', 181, 'Dieou', '', NULL, 0),
	('CIV', 182, 'Diéouzon', '', NULL, 0),
	('CIV', 183, 'Digbapia', '', NULL, 0),
	('CIV', 184, 'Dignago', '', NULL, 0),
	('CIV', 185, 'Diotrou', '', NULL, 0),
	('CIV', 186, 'Diourouzon', '', NULL, 0),
	('CIV', 187, 'Diourouzon', '', NULL, 0),
	('CIV', 188, 'Divo', 'DIV', NULL, 0),
	('CIV', 189, 'Djamandioké', '', NULL, 0),
	('CIV', 190, 'Djapadji', '', NULL, 0),
	('CIV', 191, 'Djidji', '', NULL, 0),
	('CIV', 192, 'Djidjidou', '', NULL, 0),
	('CIV', 193, 'Djidoubaye', '', NULL, 0),
	('CIV', 194, 'Djoko', '', NULL, 0),
	('CIV', 195, 'Djouroutou', '', NULL, 0),
	('CIV', 196, 'Doba', '', NULL, 0),
	('CIV', 197, 'Dobré', '', NULL, 0),
	('CIV', 198, 'Dogbo', '', NULL, 0),
	('CIV', 199, 'Doké', '', NULL, 0),
	('CIV', 200, 'Domangbeu', '', NULL, 0),
	('CIV', 201, 'Douélé', '', NULL, 0),
	('CIV', 202, 'Dougroupalégnoa', '', NULL, 0),
	('CIV', 203, 'Doukouya', '', NULL, 0),
	('CIV', 204, 'Doukouyo', '', NULL, 0),
	('CIV', 205, 'Dousséba', '', NULL, 0),
	('CIV', 206, 'Dribouo', '', NULL, 0),
	('CIV', 207, 'Duékoué', '', NULL, 0),
	('CIV', 208, 'Duffrébo', '', NULL, 0),
	('CIV', 209, 'Duonfla', '', NULL, 0),
	('CIV', 210, 'Dzeudji', '', NULL, 0),
	('CIV', 211, 'Ebikro-N’dakro', '', NULL, 0),
	('CIV', 212, 'Ebilassokro', '', NULL, 0),
	('CIV', 213, 'Eboué', '', NULL, 0),
	('CIV', 214, 'Ebounou', '', NULL, 0),
	('CIV', 215, 'Ehuasso', '', NULL, 0),
	('CIV', 216, 'Ellibou-Badasso', '', NULL, 0),
	('CIV', 217, 'Etuéboué', '', NULL, 0),
	('CIV', 218, 'Etuéssika', '', NULL, 0),
	('CIV', 219, 'Facobly', '', NULL, 0),
	('CIV', 220, 'Fagnampleu', '', NULL, 0),
	('CIV', 221, 'Fiempleu', '', NULL, 0),
	('CIV', 222, 'Frambo', '', NULL, 0),
	('CIV', 223, 'Fresco', '', NULL, 0),
	('CIV', 224, 'Gabia', '', NULL, 0),
	('CIV', 225, 'Gabia', '', NULL, 0),
	('CIV', 226, 'Gabiadji', '', NULL, 0),
	('CIV', 227, 'Gadago', '', NULL, 0),
	('CIV', 228, 'Gadouan Zagoréta', '', NULL, 0),
	('CIV', 229, 'Gagnoa', '', NULL, 0),
	('CIV', 230, 'Gagny', '', NULL, 0),
	('CIV', 231, 'Gagoré', '', NULL, 0),
	('CIV', 232, 'Galébouo', '', NULL, 0),
	('CIV', 233, 'Ganleu', '', NULL, 0),
	('CIV', 234, 'Gaoté', '', NULL, 0),
	('CIV', 235, 'Garango', '', NULL, 0),
	('CIV', 236, 'Gbablasso', '', NULL, 0),
	('CIV', 237, 'Gbadjié', '', NULL, 0),
	('CIV', 238, 'Gbagbam', '', NULL, 0),
	('CIV', 239, 'Gbalébouo', '', NULL, 0),
	('CIV', 240, 'Gbangbégouiné', '', NULL, 0),
	('CIV', 241, 'Gbangbégouiné-Yati', '', NULL, 0),
	('CIV', 242, 'Gbapleu', '', NULL, 0),
	('CIV', 243, 'Gbatongouin', '', NULL, 0),
	('CIV', 244, 'Gbazoa', '', NULL, 0),
	('CIV', 245, 'Gbeunta', '', NULL, 0),
	('CIV', 246, 'Gbliglo', '', NULL, 0),
	('CIV', 247, 'Gbloaleu', '', NULL, 0),
	('CIV', 248, 'Gbofesso-Sama', '', NULL, 0),
	('CIV', 249, 'Gboguhé', '', NULL, 0),
	('CIV', 250, 'Gbolouville', '', NULL, 0),
	('CIV', 251, 'Gbon-Houyé', '', NULL, 0),
	('CIV', 252, 'Gbonné', '', NULL, 0),
	('CIV', 253, 'Glangleu', '', NULL, 0),
	('CIV', 254, 'Glan-Houyé', '', NULL, 0),
	('CIV', 255, 'Glanlé', '', NULL, 0),
	('CIV', 256, 'Glégouiné', '', NULL, 0),
	('CIV', 257, 'Gligbéuadji', '', NULL, 0),
	('CIV', 258, 'Gloalé', '', NULL, 0),
	('CIV', 259, 'Gloazra', '', NULL, 0),
	('CIV', 260, 'Gloplou', '', NULL, 0),
	('CIV', 261, 'Gnagbodougnoa', '', NULL, 0),
	('CIV', 262, 'Gnagboya', '', NULL, 0),
	('CIV', 263, 'Gnago', '', NULL, 0),
	('CIV', 264, 'Gnakouboué 1', '', NULL, 0),
	('CIV', 265, 'Gnamanou', '', NULL, 0),
	('CIV', 266, 'Gnanmagui', '', NULL, 0),
	('CIV', 267, 'Gnato', '', NULL, 0),
	('CIV', 268, 'Gnatroa', '', NULL, 0),
	('CIV', 269, 'Gnégrouboué', '', NULL, 0),
	('CIV', 270, 'Gnéhiri', '', NULL, 0),
	('CIV', 271, 'Gnénaholoké', '', NULL, 0),
	('CIV', 272, 'Gnogboyo', '', NULL, 0),
	('CIV', 273, 'Godélilié 1', '', NULL, 0),
	('CIV', 274, 'Godou', '', NULL, 0),
	('CIV', 275, 'Gogné', '', NULL, 0),
	('CIV', 276, 'Gogoguhé', '', NULL, 0),
	('CIV', 277, 'Gohitafla', '', NULL, 0),
	('CIV', 278, 'Gohouo-Zagna', '', NULL, 0),
	('CIV', 279, 'Gomon', '', NULL, 0),
	('CIV', 280, 'Gonaté', '', NULL, 0),
	('CIV', 281, 'Gopoupleu', '', NULL, 0),
	('CIV', 282, 'Gotongouiné', '', NULL, 0),
	('CIV', 283, 'Gouané', '', NULL, 0),
	('CIV', 284, 'Goudi', '', NULL, 0),
	('CIV', 285, 'Goudouko', '', NULL, 0),
	('CIV', 286, 'Gouékengouine', '', NULL, 0),
	('CIV', 287, 'Gouiné', '', NULL, 0),
	('CIV', 288, 'Goulaleu', '', NULL, 0),
	('CIV', 289, 'Gouotro', '', NULL, 0),
	('CIV', 290, 'Gourané', '', NULL, 0),
	('CIV', 291, 'Gozi', '', NULL, 0),
	('CIV', 292, 'Gozon', '', NULL, 0),
	('CIV', 293, 'Grabo', '', NULL, 0),
	('CIV', 294, 'Gragba', '', NULL, 0),
	('CIV', 295, 'Gragbalilié', '', NULL, 0),
	('CIV', 296, 'Grand-Akoudzin', '', NULL, 0),
	('CIV', 297, 'Grand-Alépé', '', NULL, 0),
	('CIV', 298, 'Grand-Bassam', 'BAS', NULL, 0),
	('CIV', 299, 'Grand-Béréby', '', NULL, 0),
	('CIV', 300, 'Grand-Lahou', '', NULL, 0),
	('CIV', 301, 'Grand-Morié', '', NULL, 0),
	('CIV', 302, 'Grand-Pin', '', NULL, 0),
	('CIV', 303, 'Grand-Yapo', '', NULL, 0),
	('CIV', 304, 'Grand-Zatry', '', NULL, 0),
	('CIV', 305, 'Grand-Zia', '', NULL, 0),
	('CIV', 306, 'Grégbeu', '', NULL, 0),
	('CIV', 307, 'Grihiri', '', NULL, 0),
	('CIV', 308, 'Grobiakoko', '', NULL, 0),
	('CIV', 309, 'Grobonou-Dan', '', NULL, 0),
	('CIV', 310, 'Guéhiébly', '', NULL, 0),
	('CIV', 311, 'Guéhou', '', NULL, 0),
	('CIV', 312, 'Guékpé', '', NULL, 0),
	('CIV', 313, 'Guéoulé', '', NULL, 0),
	('CIV', 314, 'Guépahouo', '', NULL, 0),
	('CIV', 315, 'Guessabo', '', NULL, 0),
	('CIV', 316, 'Guéssiguié 1', '', NULL, 0),
	('CIV', 317, 'Guézon', '', NULL, 0),
	('CIV', 318, 'Guézon', '', NULL, 0),
	('CIV', 319, 'Guézon Tahouaké', '', NULL, 0),
	('CIV', 320, 'Guiamapleu', '', NULL, 0),
	('CIV', 321, 'Guibéroua', '', NULL, 0),
	('CIV', 322, 'Guiglo', 'GUI', NULL, 0),
	('CIV', 323, 'Guimeyo', '', NULL, 0),
	('CIV', 324, 'Guinglo-Gbéan', '', NULL, 0),
	('CIV', 325, 'Guinglo-Taouaké', '', NULL, 0),
	('CIV', 326, 'Guinglo-Ville', '', NULL, 0),
	('CIV', 327, 'Guitry', '', NULL, 0),
	('CIV', 328, 'Hannié', '', NULL, 0),
	('CIV', 329, 'Hermakono-Diè', '', NULL, 0),
	('CIV', 330, 'Hermankono\nHermankon', '', NULL, 0),
	('CIV', 331, 'Hiré', '', NULL, 0),
	('CIV', 332, 'Huafla', '', NULL, 0),
	('CIV', 333, 'Iboguhé', '', NULL, 0),
	('CIV', 334, 'Iboké', '', NULL, 0),
	('CIV', 335, 'Idibouo-Zépréguhé', '', NULL, 0),
	('CIV', 336, 'Ipouadji', '', NULL, 0),
	('CIV', 337, 'Iriéfla', '', NULL, 0),
	('CIV', 338, 'Irobo', '', NULL, 0),
	('CIV', 339, 'Iroporia', '', NULL, 0),
	('CIV', 340, 'Issia', 'ISS', NULL, 0),
	('CIV', 341, 'Jacqueville', '', NULL, 0),
	('CIV', 342, 'Kaadé', '', NULL, 0),
	('CIV', 343, 'Kabakouma', '', NULL, 0),
	('CIV', 344, 'Kacoukro-Lagune', '', NULL, 0),
	('CIV', 345, 'Kadéko', '', NULL, 0),
	('CIV', 346, 'Kahin Zarabaon', '', NULL, 0),
	('CIV', 347, 'Kako', '', NULL, 0),
	('CIV', 348, 'Kambli', '', NULL, 0),
	('CIV', 349, 'Kanébly', '', NULL, 0),
	('CIV', 350, 'Kanta-Yolé', '', NULL, 0),
	('CIV', 351, 'Kanzra', '', NULL, 0),
	('CIV', 352, 'Karié', '', NULL, 0),
	('CIV', 353, 'Ké-Bouébo', '', NULL, 0),
	('CIV', 354, 'Kéibla', '', NULL, 0),
	('CIV', 355, 'Kéibly', '', NULL, 0),
	('CIV', 356, 'Késsably', '', NULL, 0),
	('CIV', 357, 'Kètesso', '', NULL, 0),
	('CIV', 358, 'Kétro-Bassam', '', NULL, 0),
	('CIV', 359, 'Kibouo', '', NULL, 0),
	('CIV', 360, 'Kibouo', '', NULL, 0),
	('CIV', 361, 'Kiélé', '', NULL, 0),
	('CIV', 362, 'Klan', '', NULL, 0),
	('CIV', 363, 'Klangbolably', '', NULL, 0),
	('CIV', 364, 'Koaho', '', NULL, 0),
	('CIV', 365, 'Kodioussou', '', NULL, 0),
	('CIV', 366, 'Kodjinan', '', NULL, 0),
	('CIV', 367, 'Koffikro-Afféma', '', NULL, 0),
	('CIV', 368, 'Kokialo', '', NULL, 0),
	('CIV', 369, 'Kokolopozo', '', NULL, 0),
	('CIV', 370, 'Kondiébouma', '', NULL, 0),
	('CIV', 371, 'Kong', '', NULL, 0),
	('CIV', 372, 'Kononfla', '', NULL, 0),
	('CIV', 373, 'Koréahinou', '', NULL, 0),
	('CIV', 374, 'Kossandji', '', NULL, 0),
	('CIV', 375, 'Kosséhoa', '', NULL, 0),
	('CIV', 376, 'Kotoka', '', NULL, 0),
	('CIV', 377, 'Koua', '', NULL, 0),
	('CIV', 378, 'Kouaméfla', '', NULL, 0),
	('CIV', 379, 'Kouan-Houlé', '', NULL, 0),
	('CIV', 380, 'Kouaokro', '', NULL, 0),
	('CIV', 381, 'Koudougou', '', NULL, 0),
	('CIV', 382, 'Kouétinfla', '', NULL, 0),
	('CIV', 383, 'Kouibly', '', NULL, 0),
	('CIV', 384, 'Koukourandoum', '', NULL, 0),
	('CIV', 385, 'Koulalé', '', NULL, 0),
	('CIV', 386, 'Koulikoro', '', NULL, 0),
	('CIV', 387, 'Koutoukro', '', NULL, 0),
	('CIV', 388, 'Koyékro', '', NULL, 0),
	('CIV', 389, 'Koziayo', '', NULL, 0),
	('CIV', 390, 'Kpada', '', NULL, 0),
	('CIV', 391, 'Kpampleu-Sin-Houyé', '', NULL, 0),
	('CIV', 392, 'Kpapékou', '', NULL, 0),
	('CIV', 393, 'Kpata', '', NULL, 0),
	('CIV', 394, 'Kpoté', '', NULL, 0),
	('CIV', 395, 'Krézoukoué', '', NULL, 0),
	('CIV', 396, 'Krindjabo', '', NULL, 0),
	('CIV', 397, 'Lahou Kpanda', '', NULL, 0),
	('CIV', 398, 'Lahouda', '', NULL, 0),
	('CIV', 399, 'Lakota', 'LAK', NULL, 0),
	('CIV', 400, 'Larabia', '', NULL, 0),
	('CIV', 401, 'Lauzoua', '', NULL, 0),
	('CIV', 402, 'Léléblé', '', NULL, 0),
	('CIV', 403, 'Lessiri', '', NULL, 0),
	('CIV', 404, 'Ligrohoin', '', NULL, 0),
	('CIV', 405, 'Liliyo', '', NULL, 0),
	('CIV', 406, 'Lobakuya', '', NULL, 0),
	('CIV', 407, 'Lobo-Akoudzin', '', NULL, 0),
	('CIV', 408, 'Lobogba', '', NULL, 0),
	('CIV', 409, 'Lobogrou', '', NULL, 0),
	('CIV', 410, 'Lobo-Hopé', '', NULL, 0),
	('CIV', 411, 'Logoualé', '', NULL, 0),
	('CIV', 412, 'Logroan', '', NULL, 0),
	('CIV', 413, 'Lopou', '', NULL, 0),
	('CIV', 414, 'Loviguié', '', NULL, 0),
	('CIV', 415, 'Luéhouan', '', NULL, 0),
	('CIV', 416, 'Luénoufla', '', NULL, 0),
	('CIV', 417, 'M’brou', '', NULL, 0),
	('CIV', 418, 'M’possa', '', NULL, 0),
	('CIV', 419, 'Mabéhiri 1', '', NULL, 0),
	('CIV', 420, 'Mabouo', '', NULL, 0),
	('CIV', 421, 'Mackey-Liboli', '', NULL, 0),
	('CIV', 422, 'Maféré', '', NULL, 0),
	('CIV', 423, 'Maguéhio', '', NULL, 0),
	('CIV', 424, 'Mahapleu', '', NULL, 0),
	('CIV', 425, 'Mahino', '', NULL, 0),
	('CIV', 426, 'Malamalakro', '', NULL, 0),
	('CIV', 427, 'Maminigui', '', NULL, 0),
	('CIV', 428, 'Man', '', NULL, 0),
	('CIV', 429, 'Manfla', '', NULL, 0),
	('CIV', 430, 'Manzanouan', '', NULL, 0),
	('CIV', 431, 'Mayo', '', NULL, 0),
	('CIV', 432, 'Méagui', '', NULL, 0),
	('CIV', 433, 'Médon', '', NULL, 0),
	('CIV', 434, 'Memni', '', NULL, 0),
	('CIV', 435, 'Ménéké', '', NULL, 0),
	('CIV', 436, 'Méo', '', NULL, 0),
	('CIV', 437, 'Miadzin', '', NULL, 0),
	('CIV', 438, 'Mignoré', '', NULL, 0),
	('CIV', 439, 'Minfla', '', NULL, 0),
	('CIV', 440, 'Moapé', '', NULL, 0),
	('CIV', 441, 'Mohame', '', NULL, 0),
	('CIV', 442, 'Mohoua', '', NULL, 0),
	('CIV', 443, 'Monga', '', NULL, 0),
	('CIV', 444, 'Monoko-Zohi 2', '', NULL, 0),
	('CIV', 445, 'Morokro', '', NULL, 0),
	('CIV', 446, 'N’douci ', '', NULL, 0),
	('CIV', 447, 'N’douffoukankro', '', NULL, 0),
	('CIV', 448, 'N’guiémé', '', NULL, 0),
	('CIV', 449, 'N’zianouan', '', NULL, 0),
	('CIV', 450, 'N’zikro', '', NULL, 0),
	('CIV', 451, 'Nahio', '', NULL, 0),
	('CIV', 452, 'Namané', '', NULL, 0),
	('CIV', 453, 'Nangrékro', '', NULL, 0),
	('CIV', 454, 'Nébo', '', NULL, 0),
	('CIV', 455, 'Néko', '', NULL, 0),
	('CIV', 456, 'Nézobly', '', NULL, 0),
	('CIV', 457, 'Niablé', '', NULL, 0),
	('CIV', 458, 'Niakoblognoa', '', NULL, 0),
	('CIV', 459, 'Niambézaria', '', NULL, 0),
	('CIV', 460, 'Niazaroko', '', NULL, 0),
	('CIV', 461, 'Nidrou', '', NULL, 0),
	('CIV', 462, 'Nigui-Assoko', '', NULL, 0),
	('CIV', 463, 'Nigui-Saff', '', NULL, 0),
	('CIV', 464, 'Niouldé', '', NULL, 0),
	('CIV', 465, 'Nizahon', '', NULL, 0),
	('CIV', 466, 'Noé', '', NULL, 0),
	('CIV', 467, 'Nouamou', '', NULL, 0),
	('CIV', 468, 'Noukpoudou', '', NULL, 0),
	('CIV', 469, 'Offa', '', NULL, 0),
	('CIV', 470, 'Offa', '', NULL, 0),
	('CIV', 471, 'Offoumpo', '', NULL, 0),
	('CIV', 472, 'Oghlwapo', '', NULL, 0),
	('CIV', 473, 'Ogoudou', '', NULL, 0),
	('CIV', 474, 'Okromodou', '', NULL, 0),
	('CIV', 475, 'Okrouyo', '', NULL, 0),
	('CIV', 476, 'Olodio', '', NULL, 0),
	('CIV', 477, 'Ono', '', NULL, 0),
	('CIV', 478, 'Orbaff', '', NULL, 0),
	('CIV', 479, 'Oress-Krobou', '', NULL, 0),
	('CIV', 480, 'Ottawa', '', NULL, 0),
	('CIV', 481, 'Ottopé', '', NULL, 0),
	('CIV', 482, 'Ouéoulo', '', NULL, 0),
	('CIV', 483, 'Oumé', '', NULL, 0),
	('CIV', 484, 'Oupoyo', '', NULL, 0),
	('CIV', 485, 'Ouragahio', '', NULL, 0),
	('CIV', 486, 'Ousrou', '', NULL, 0),
	('CIV', 487, 'Ouyably-Gnondrou', '', NULL, 0),
	('CIV', 488, 'Ouyatouo', '', NULL, 0),
	('CIV', 489, 'Pacobo', '', NULL, 0),
	('CIV', 490, 'Pakouabo', '', NULL, 0),
	('CIV', 491, 'Pangban Kouamékro', '', NULL, 0),
	('CIV', 492, 'Paoufla', '', NULL, 0),
	('CIV', 493, 'Para', '', NULL, 0),
	('CIV', 494, 'Pauly', '', NULL, 0),
	('CIV', 495, 'Péhé', '', NULL, 0),
	('CIV', 496, 'Péhékan-Houebly', '', NULL, 0),
	('CIV', 497, 'Pélézi', '', NULL, 0),
	('CIV', 498, 'Petigoa', '', NULL, 0),
	('CIV', 499, 'Petit Guiglo', '', NULL, 0),
	('CIV', 500, 'Pinhou', '', NULL, 0),
	('CIV', 501, 'Podiagouiné', '', NULL, 0),
	('CIV', 502, 'Podoué', '', NULL, 0),
	('CIV', 503, 'Pogréagui', '', NULL, 0),
	('CIV', 504, 'Pombly', '', NULL, 0),
	('CIV', 505, 'Ranouinké', '', NULL, 0),
	('CIV', 506, 'Roa', '', NULL, 0),
	('CIV', 507, 'Rubino', '', NULL, 0),
	('CIV', 508, 'Sago', '', NULL, 0),
	('CIV', 509, 'Sahibli', '', NULL, 0),
	('CIV', 510, 'Sahuyé', '', NULL, 0),
	('CIV', 511, 'Saïoua', '', NULL, 0),
	('CIV', 512, 'Sakré', '', NULL, 0),
	('CIV', 513, 'Samo', '', NULL, 0),
	('CIV', 514, 'San Pedro', '', NULL, 0),
	('CIV', 515, 'Sandougou-Soba', '', NULL, 0),
	('CIV', 516, 'Sangouiné', '', NULL, 0),
	('CIV', 517, 'Sankadiokro', '', NULL, 0),
	('CIV', 518, 'Santa', '', NULL, 0),
	('CIV', 519, 'Sassako-Bégniny', '', NULL, 0),
	('CIV', 520, 'Sassandra', 'SDR', NULL, 0),
	('CIV', 521, 'Satikran', '', NULL, 0),
	('CIV', 522, 'Satroko', '', NULL, 0),
	('CIV', 523, 'Saykro', '', NULL, 0),
	('CIV', 524, 'Seileu', '', NULL, 0),
	('CIV', 525, 'Séitifla', '', NULL, 0),
	('CIV', 526, 'Séliéguhé', '', NULL, 0),
	('CIV', 527, 'Sémien', '', NULL, 0),
	('CIV', 528, 'Sérihio', '', NULL, 0),
	('CIV', 529, 'Siétinfla', '', NULL, 0),
	('CIV', 530, 'Sikensi', '', NULL, 0),
	('CIV', 531, 'Sinfra', 'SIN', NULL, 0),
	('CIV', 532, 'Sipilou', '', NULL, 0),
	('CIV', 533, 'Soakpé-Douédy', '', NULL, 0),
	('CIV', 534, 'Sobedoufla', '', NULL, 0),
	('CIV', 535, 'Sohoupleu', '', NULL, 0),
	('CIV', 536, 'Sokrogbo', '', NULL, 0),
	('CIV', 537, 'Sokrogbo-Carrefour', '', NULL, 0),
	('CIV', 538, 'Songan', '', NULL, 0),
	('CIV', 539, 'Soubré', 'SBR', NULL, 0),
	('CIV', 540, 'Taabo', '', NULL, 0),
	('CIV', 541, 'Taabo-Village', '', NULL, 0),
	('CIV', 542, 'Tabléguikou', '', NULL, 0),
	('CIV', 543, 'Taboth', '', NULL, 0),
	('CIV', 544, 'Tabou', 'TAB', NULL, 0),
	('CIV', 545, 'Tahakro', '', NULL, 0),
	('CIV', 546, 'Tahibli', '', NULL, 0),
	('CIV', 547, 'Taï', '', NULL, 0),
	('CIV', 548, 'Takoréagui', '', NULL, 0),
	('CIV', 549, 'Tanguélan', '', NULL, 0),
	('CIV', 550, 'Taobly', '', NULL, 0),
	('CIV', 551, 'Tapéguia', '', NULL, 0),
	('CIV', 552, 'Téapleu', '', NULL, 0),
	('CIV', 553, 'Téhiri', '', NULL, 0),
	('CIV', 554, 'Tézié', '', NULL, 0),
	('CIV', 555, 'Tiagba', '', NULL, 0),
	('CIV', 556, 'Tiapoum', '', NULL, 0),
	('CIV', 557, 'Tiassalé', 'TIA', NULL, 0),
	('CIV', 558, 'Tibéita', '', NULL, 0),
	('CIV', 559, 'Tiédrou-Koléa', '', NULL, 0),
	('CIV', 560, 'Tiégba', '', NULL, 0),
	('CIV', 561, 'Tiégba 1', '', NULL, 0),
	('CIV', 562, 'Tiény-Séably', '', NULL, 0),
	('CIV', 563, 'Tiéoulé-Oula', '', NULL, 0),
	('CIV', 564, 'Tiéviéssou', '', NULL, 0),
	('CIV', 565, 'Tinhou', '', NULL, 0),
	('CIV', 566, 'Tiobly', '', NULL, 0),
	('CIV', 567, 'Tioko', '', NULL, 0),
	('CIV', 568, 'Tobly-Bangolo', '', NULL, 0),
	('CIV', 569, 'Tofla', '', NULL, 0),
	('CIV', 570, 'Tokohiri', '', NULL, 0),
	('CIV', 571, 'Toliesso', '', NULL, 0),
	('CIV', 572, 'Tonla', '', NULL, 0),
	('CIV', 573, 'Totrodrou', '', NULL, 0),
	('CIV', 574, 'Touandrou-Béoué', '', NULL, 0),
	('CIV', 575, 'Touih', '', NULL, 0),
	('CIV', 576, 'Toukouzou', '', NULL, 0),
	('CIV', 577, 'Toulepleu', '', NULL, 0),
	('CIV', 578, 'Toupah', '', NULL, 0),
	('CIV', 579, 'Toutoubré', '', NULL, 0),
	('CIV', 580, 'Toyébli', '', NULL, 0),
	('CIV', 581, 'Trafla-Gottron', '', NULL, 0),
	('CIV', 582, 'Trinlé-Diapleu', '', NULL, 0),
	('CIV', 583, 'Troko', '', NULL, 0),
	('CIV', 584, 'Troya', '', NULL, 0),
	('CIV', 585, 'Tuambly', '', NULL, 0),
	('CIV', 586, 'Vaafla', '', NULL, 0),
	('CIV', 587, 'Vahedjinou', '', NULL, 0),
	('CIV', 588, 'Vaou', '', NULL, 0),
	('CIV', 589, 'Vavoua', '', NULL, 0),
	('CIV', 590, 'Vouéboufla', '', NULL, 0),
	('CIV', 591, 'Walébo', '', NULL, 0),
	('CIV', 592, 'Waté', '', NULL, 0),
	('CIV', 593, 'Wonséaly', '', NULL, 0),
	('CIV', 594, 'Yacolidabouo', '', NULL, 0),
	('CIV', 595, 'Yakassé-Attobrou', '', NULL, 0),
	('CIV', 596, 'Yakassé-Feyassé', '', NULL, 0),
	('CIV', 597, 'Yakassé-Mé', '', NULL, 0),
	('CIV', 598, 'Yala', '', NULL, 0),
	('CIV', 599, 'Yaou', '', NULL, 0),
	('CIV', 600, 'Yaou', '', NULL, 0),
	('CIV', 601, 'Yapleu', '', NULL, 0),
	('CIV', 602, 'Yassap', '', NULL, 0),
	('CIV', 603, 'Yelleu', '', NULL, 0),
	('CIV', 604, 'Yobouakro', '', NULL, 0),
	('CIV', 605, 'Yocoboué', '', NULL, 0),
	('CIV', 606, 'Yokoréa', '', NULL, 0),
	('CIV', 607, 'Yopohué', '', NULL, 0),
	('CIV', 608, 'Yorédoula', '', NULL, 0),
	('CIV', 609, 'Yorodougou', '', NULL, 0),
	('CIV', 610, 'Yrozon', '', NULL, 0),
	('CIV', 611, 'Zagné', '', NULL, 0),
	('CIV', 612, 'Zagoué', '', NULL, 0),
	('CIV', 613, 'Zaguiéta', '', NULL, 0),
	('CIV', 614, 'Zahia', '', NULL, 0),
	('CIV', 615, 'Zaïbo', '', NULL, 0),
	('CIV', 616, 'Zakéoua', '', NULL, 0),
	('CIV', 617, 'Zaliohouan', '', NULL, 0),
	('CIV', 618, 'Zanzra', '', NULL, 0),
	('CIV', 619, 'Zaranou', '', NULL, 0),
	('CIV', 620, 'Zéaglo', '', NULL, 0),
	('CIV', 621, 'Zéalé', '', NULL, 0),
	('CIV', 622, 'Zébouo-Nord', '', NULL, 0),
	('CIV', 623, 'Zébra', '', NULL, 0),
	('CIV', 624, 'Zégo', '', NULL, 0),
	('CIV', 625, 'Zéhiri', '', NULL, 0),
	('CIV', 626, 'Zéo', '', NULL, 0),
	('CIV', 627, 'Zérégbo', '', NULL, 0),
	('CIV', 628, 'Ziki-Dies', '', NULL, 0),
	('CIV', 629, 'Zikisso', '', NULL, 0),
	('CIV', 630, 'Ziogouiné', '', NULL, 0),
	('CIV', 631, 'Zirifla', '', NULL, 0),
	('CIV', 632, 'Zokoguhé', '', NULL, 0),
	('CIV', 633, 'Zokolilié', '', NULL, 0),
	('CIV', 634, 'Zonneu', '', NULL, 0),
	('CIV', 635, 'Zorofla', '', NULL, 0),
	('CIV', 636, 'Zou', '', NULL, 0),
	('CIV', 637, 'Zouan-Hounien', '', NULL, 0),
	('CIV', 638, 'Zouata', '', NULL, 0),
	('CIV', 639, 'Zougounéfla', '', NULL, 0),
	('CIV', 640, 'Zoukouboué', '', NULL, 0),
	('CIV', 641, 'Zoukougbeu', '', NULL, 0),
	('CIV', 642, 'Zoukpangbeu', '', NULL, 0),
	('CIV', 643, 'Zoupleu', '', NULL, 0),
	('CIV', 644, 'Zoutouo Darra', '', NULL, 0),
	('CIV', 645, 'Zouzousso', '', NULL, 0),
	('CIV', 646, 'Zraluo', '', NULL, 0),
	('CIV', 647, 'Zro', '', NULL, 0),
	('CIV', 648, 'Zuénoula', '', NULL, 0),
	('CIV', 649, 'Yamoussoukro', NULL, NULL, 0),
	('CIV', 650, 'Subiakro', NULL, NULL, 0),
	('CIV', 651, 'Zambakro', NULL, NULL, 0),
	('CIV', 652, 'Zatta', NULL, NULL, 0),
	('CIV', 653, 'Mahounou Akoué', NULL, NULL, 0),
	('CIV', 654, 'Kossou', NULL, NULL, 0),
	('CIV', 655, ' Attiégouakro', NULL, NULL, 0),
	('CIV', 656, 'Labokro', NULL, NULL, 0),
	('CIV', 657, 'Morokinkro', NULL, NULL, 0),
	('CIV', 658, 'Ouffoué-Diékro', NULL, NULL, 0),
	('CIV', 659, 'Lolobo', NULL, NULL, 0),
	('CIV', 660, 'Sakiaré', NULL, NULL, 0),
	('CIV', 661, 'Tiébissou', NULL, NULL, 0),
	('CIV', 662, 'Ahitou-Kongonou', NULL, NULL, 0),
	('CIV', 663, 'N’gattadolikro', NULL, NULL, 0),
	('CIV', 664, 'Aman-Salèkro', NULL, NULL, 0),
	('CIV', 665, 'Molonou', NULL, NULL, 0),
	('CIV', 666, 'Ahougnassou-Allahou', NULL, NULL, 0),
	('CIV', 667, 'Lomokankro', NULL, NULL, 0),
	('CIV', 668, 'N’gangro Attoutou', NULL, NULL, 0),
	('CIV', 669, 'Boniankro', NULL, NULL, 0),
	('CIV', 670, 'Yakpabo-Sakassou', NULL, NULL, 0),
	('CIV', 671, 'Pranoi', NULL, NULL, 0),
	('CIV', 672, 'Didiévi', NULL, NULL, 0),
	('CIV', 673, 'N’gban-Kassé', NULL, NULL, 0),
	('CIV', 674, 'Kouassi-Kongokro', NULL, NULL, 0),
	('CIV', 675, 'Tié Ndiékro', NULL, NULL, 0),
	('CIV', 676, 'Molonou-Blé', NULL, NULL, 0),
	('CIV', 677, 'Raviart', NULL, NULL, 0),
	('CIV', 678, 'Yaakro', NULL, NULL, 0),
	('CIV', 679, 'N’guyakro', NULL, NULL, 0),
	('CIV', 680, 'Kpèbo', NULL, NULL, 0),
	('CIV', 681, 'Boli', NULL, NULL, 0),
	('CIV', 682, 'N’da-Akissikro', NULL, NULL, 0),
	('CIV', 683, 'Bodo', NULL, NULL, 0),
	('CIV', 684, 'Kondrokro', NULL, NULL, 0),
	('CIV', 685, 'Djassanou', NULL, NULL, 0),
	('CIV', 686, 'Dimbokro', NULL, NULL, 0),
	('CIV', 687, 'Langba', NULL, NULL, 0),
	('CIV', 688, 'Nofou', NULL, NULL, 0),
	('CIV', 689, 'Trianikro', NULL, NULL, 0),
	('CIV', 690, 'Booré', NULL, NULL, 0),
	('CIV', 691, 'Angan-Konankro', NULL, NULL, 0),
	('CIV', 692, 'Diangokro', NULL, NULL, 0),
	('CIV', 693, 'Abigui', NULL, NULL, 0),
	('CIV', 694, 'Bocabo', NULL, NULL, 0),
	('CIV', 695, 'Soungassou', NULL, NULL, 0),
	('CIV', 696, 'M\'Batto', NULL, NULL, 0),
	('CIV', 697, 'Tiékou', NULL, NULL, 0),
	('CIV', 698, 'N’gbribo-Takikro', NULL, NULL, 0),
	('CIV', 699, 'Anoumaba', NULL, NULL, 0),
	('CIV', 700, 'Sérébissou', NULL, NULL, 0),
	('CIV', 701, 'Tiémélékro', NULL, NULL, 0),
	('CIV', 702, 'Agnia', NULL, NULL, 0),
	('CIV', 703, 'Ehuikro', NULL, NULL, 0),
	('CIV', 704, 'Tomidanou', NULL, NULL, 0),
	('CIV', 705, 'N’gohinou', NULL, NULL, 0),
	('CIV', 706, 'Adouakouakro', NULL, NULL, 0),
	('CIV', 707, 'Assahara', NULL, NULL, 0),
	('CIV', 708, 'Frondobo-Télébo', NULL, NULL, 0),
	('CIV', 709, 'Bongouanou', NULL, NULL, 0),
	('CIV', 710, 'N’zuékokoré', NULL, NULL, 0),
	('CIV', 711, 'Assaouffoué', NULL, NULL, 0),
	('CIV', 712, 'N’guessankro', NULL, NULL, 0),
	('CIV', 713, 'Bouadikro', NULL, NULL, 0),
	('CIV', 714, 'N’guinou', NULL, NULL, 0),
	('CIV', 715, 'Andé', NULL, NULL, 0),
	('CIV', 716, 'Assié-Koumassi', NULL, NULL, 0),
	('CIV', 717, 'Agbossou', NULL, NULL, 0),
	('CIV', 718, 'Brou-Akpaoussoukro', NULL, NULL, 0),
	('CIV', 719, 'ARRAH', NULL, NULL, 0),
	('CIV', 720, 'Kouadiokro', NULL, NULL, 0),
	('CIV', 721, 'Brou-Attakro', NULL, NULL, 0),
	('CIV', 722, 'Abongoua', NULL, NULL, 0),
	('CIV', 723, 'Kotobi', NULL, NULL, 0),
	('CIV', 724, 'Erobo', NULL, NULL, 0),
	('CIV', 725, 'Assalé Kouassikro', NULL, NULL, 0),
	('CIV', 726, 'Krégbé', NULL, NULL, 0),
	('CIV', 727, 'Bocanda', NULL, NULL, 0),
	('CIV', 728, 'Bengassou', NULL, NULL, 0),
	('CIV', 729, 'Brou-Aoussoukro', NULL, NULL, 0),
	('CIV', 730, 'Assika-Kayabo', NULL, NULL, 0),
	('CIV', 731, 'Dida Moessou', NULL, NULL, 0),
	('CIV', 732, 'Kouadioblékro', NULL, NULL, 0),
	('CIV', 733, 'Tagnakro', NULL, NULL, 0),
	('CIV', 734, 'N’zécrézessou', NULL, NULL, 0),
	('CIV', 735, 'Amoroki', NULL, NULL, 0),
	('CIV', 736, 'Katchiré-Essékro', NULL, NULL, 0),
	('CIV', 737, 'N’do Kouassikro', NULL, NULL, 0),
	('CIV', 738, 'Djenzoukro', NULL, NULL, 0),
	('CIV', 739, 'Gbonou', NULL, NULL, 0),
	('CIV', 740, 'Mékro', NULL, NULL, 0),
	('CIV', 741, 'Konan-N’drikro', NULL, NULL, 0),
	('CIV', 742, 'Nandékro', NULL, NULL, 0),
	('CIV', 743, 'Kouassi-Kouassikro', NULL, NULL, 0),
	('CIV', 744, 'Daoukro', NULL, NULL, 0),
	('CIV', 745, 'N’gattakro', NULL, NULL, 0),
	('CIV', 746, 'Agni-Assikasso', NULL, NULL, 0),
	('CIV', 747, 'Konien Kouamékro', NULL, NULL, 0),
	('CIV', 748, 'Ettrokro', NULL, NULL, 0),
	('CIV', 749, 'Katimassou', NULL, NULL, 0),
	('CIV', 750, 'Samanza', NULL, NULL, 0),
	('CIV', 751, 'Zanzansou', NULL, NULL, 0),
	('CIV', 752, 'Ouéllé', NULL, NULL, 0),
	('CIV', 753, 'Bendié Koménankro', NULL, NULL, 0),
	('CIV', 754, 'Lékikro', NULL, NULL, 0),
	('CIV', 755, 'Potossou', NULL, NULL, 0),
	('CIV', 756, 'Ananda', NULL, NULL, 0),
	('CIV', 757, 'Prikro-Ouellé', NULL, NULL, 0),
	('CIV', 758, 'Akpassanou', NULL, NULL, 0),
	('CIV', 759, 'Prikro', NULL, NULL, 0),
	('CIV', 760, 'Ahouan-Bonvoinsou', NULL, NULL, 0),
	('CIV', 761, 'Koffi Amonkro', NULL, NULL, 0),
	('CIV', 762, 'Adikro', NULL, NULL, 0),
	('CIV', 763, 'Akanangbo', NULL, NULL, 0),
	('CIV', 764, 'Donguikro', NULL, NULL, 0),
	('CIV', 765, 'Konandi-N’dakro', NULL, NULL, 0),
	('CIV', 766, 'Nafana', NULL, NULL, 0),
	('CIV', 767, 'Anianou', NULL, NULL, 0),
	('CIV', 768, 'Babakro', NULL, NULL, 0),
	('CIV', 769, 'Konandikro', NULL, NULL, 0),
	('CIV', 770, 'Famienkro', NULL, NULL, 0),
	('CIV', 771, ' M\'Bahiakro', NULL, NULL, 0),
	('CIV', 772, 'N’zi-N’ziblékro', NULL, NULL, 0),
	('CIV', 773, 'Kongoti', NULL, NULL, 0),
	('CIV', 774, 'Kouassikro', NULL, NULL, 0),
	('CIV', 775, 'Sahébo', NULL, NULL, 0),
	('CIV', 776, 'Soundo', NULL, NULL, 0),
	('CIV', 777, 'Bonguéra', NULL, NULL, 0),
	('CIV', 778, 'Kondossou', NULL, NULL, 0),
	('CIV', 779, 'Moussobadougou', NULL, NULL, 0),
	('CIV', 780, 'Totodougou', NULL, NULL, 0),
	('CIV', 781, 'Attokro', NULL, NULL, 0),
	('CIV', 782, 'Touba', NULL, NULL, 0),
	('CIV', 783, 'Sorotoma', NULL, NULL, 0),
	('CIV', 784, 'Doh', NULL, NULL, 0),
	('CIV', 785, 'Guintéguéla', NULL, NULL, 0),
	('CIV', 786, 'Bakandesso-Sogbèn', NULL, NULL, 0),
	('CIV', 787, 'Foungbèsso', NULL, NULL, 0),
	('CIV', 788, 'Landué', NULL, NULL, 0),
	('CIV', 789, 'Fouénan', NULL, NULL, 0),
	('CIV', 790, 'Dioman', NULL, NULL, 0),
	('CIV', 791, 'Guenimanzo', NULL, NULL, 0),
	('CIV', 792, 'Tienko', NULL, NULL, 0),
	('CIV', 793, 'Silakoro', NULL, NULL, 0),
	('CIV', 794, 'Sokourala-Mahou', NULL, NULL, 0),
	('CIV', 795, 'Ouaninou', NULL, NULL, 0),
	('CIV', 796, 'Gouékan', NULL, NULL, 0),
	('CIV', 797, 'Gbélo', NULL, NULL, 0),
	('CIV', 798, 'Mandougou', NULL, NULL, 0),
	('CIV', 799, 'Tiahoué', NULL, NULL, 0),
	('CIV', 800, 'Ganhoué', NULL, NULL, 0),
	('CIV', 801, 'Ferentela', NULL, NULL, 0),
	('CIV', 802, 'Santa', NULL, NULL, 0),
	('CIV', 803, 'Koonan', NULL, NULL, 0),
	('CIV', 804, 'Saboudougou', NULL, NULL, 0),
	('CIV', 805, 'Massedougou', NULL, NULL, 0),
	('CIV', 806, 'Koro', NULL, NULL, 0),
	('CIV', 807, 'Borotou-Koro', NULL, NULL, 0),
	('CIV', 808, 'Booro-Borotou', NULL, NULL, 0),
	('CIV', 809, 'Desséné', NULL, NULL, 0),
	('CIV', 810, 'Niokosso', NULL, NULL, 0),
	('CIV', 811, 'Borotou', NULL, NULL, 0),
	('CIV', 812, 'Massala-Barala', NULL, NULL, 0),
	('CIV', 813, 'Booko', NULL, NULL, 0),
	('CIV', 814, 'Moambasso', NULL, NULL, 0),
	('CIV', 815, 'Mahandougou', NULL, NULL, 0),
	('CIV', 816, 'Séguéla', NULL, NULL, 0),
	('CIV', 817, 'Gbogolo', NULL, NULL, 0),
	('CIV', 818, 'Tiémassoba', NULL, NULL, 0),
	('CIV', 819, 'Massala', NULL, NULL, 0),
	('CIV', 820, 'Samina', NULL, NULL, 0),
	('CIV', 821, 'Téguéla', NULL, NULL, 0),
	('CIV', 822, 'Soba-Banandjé', NULL, NULL, 0),
	('CIV', 823, 'Kamalo', NULL, NULL, 0),
	('CIV', 824, 'Sifié', NULL, NULL, 0),
	('CIV', 825, 'Gbalo', NULL, NULL, 0),
	('CIV', 826, 'Béréni-Dialla', NULL, NULL, 0),
	('CIV', 827, 'Siana', NULL, NULL, 0),
	('CIV', 828, 'Sandala', NULL, NULL, 0),
	('CIV', 829, 'Mongbara', NULL, NULL, 0),
	('CIV', 830, 'Dualla', NULL, NULL, 0),
	('CIV', 831, 'Bobi', NULL, NULL, 0),
	('CIV', 832, 'Tiema', NULL, NULL, 0),
	('CIV', 833, 'Gbétogo', NULL, NULL, 0),
	('CIV', 834, 'Worofla', NULL, NULL, 0),
	('CIV', 835, 'Diarabana', NULL, NULL, 0),
	('CIV', 836, 'Kangana', NULL, NULL, 0),
	('CIV', 837, 'Kato', NULL, NULL, 0),
	('CIV', 838, 'Gbemazo', NULL, NULL, 0),
	('CIV', 839, 'KANI', NULL, NULL, 0),
	('CIV', 840, 'Manabri', NULL, NULL, 0),
	('CIV', 841, 'Fadiadougou', NULL, NULL, 0),
	('CIV', 842, 'Banandjé', NULL, NULL, 0),
	('CIV', 843, 'Djibrosso', NULL, NULL, 0),
	('CIV', 844, 'Morondo', NULL, NULL, 0),
	('CIV', 845, 'Kounahiri', NULL, NULL, 0),
	('CIV', 846, 'Boyaokro', NULL, NULL, 0),
	('CIV', 847, 'Léasso', NULL, NULL, 0),
	('CIV', 848, 'Trafesso', NULL, NULL, 0),
	('CIV', 849, 'Toubalo', NULL, NULL, 0),
	('CIV', 850, 'Kongasso', NULL, NULL, 0),
	('CIV', 851, 'Bambalouma', NULL, NULL, 0),
	('CIV', 852, 'Soukourougban', NULL, NULL, 0),
	('CIV', 853, 'Kouatta', NULL, NULL, 0),
	('CIV', 854, 'Korokopla', NULL, NULL, 0),
	('CIV', 855, 'Mankono', NULL, NULL, 0),
	('CIV', 856, 'Dantogo', NULL, NULL, 0),
	('CIV', 857, 'Fizanlouma', NULL, NULL, 0),
	('CIV', 858, 'Kabadallah', NULL, NULL, 0),
	('CIV', 859, 'Niangouralatiene', NULL, NULL, 0),
	('CIV', 860, 'Kamoro', NULL, NULL, 0),
	('CIV', 861, 'Nakara', NULL, NULL, 0),
	('CIV', 862, 'Bouandougou', NULL, NULL, 0),
	('CIV', 863, 'Tiéningboué', NULL, NULL, 0),
	('CIV', 864, 'Ouédallah', NULL, NULL, 0),
	('CIV', 865, 'Dialakoro', NULL, NULL, 0),
	('CIV', 866, 'Tomono', NULL, NULL, 0),
	('CIV', 867, 'Sirihio', NULL, NULL, 0),
	('CIV', 868, 'Marandallah', NULL, NULL, 0),
	('CIV', 869, 'Somokoro', NULL, NULL, 0),
	('CIV', 870, 'Bobo-Tiénigbé', NULL, NULL, 0),
	('CIV', 871, 'Dandougou', NULL, NULL, 0),
	('CIV', 872, 'Sarhala', NULL, NULL, 0),
	('CIV', 873, 'Sononzo', NULL, NULL, 0),
	('CIV', 874, 'Faraba', NULL, NULL, 0),
	('CIV', 875, 'Dianra-Village', NULL, NULL, 0),
	('CIV', 876, 'Dianra-Village', NULL, NULL, 0),
	('CIV', 877, 'Yérétiélé', NULL, NULL, 0),
	('CIV', 878, 'Bouaké', NULL, NULL, 0),
	('CIV', 879, 'Lengbrè', NULL, NULL, 0),
	('CIV', 880, 'Assouakro', NULL, NULL, 0),
	('CIV', 881, 'Djébonoua', NULL, NULL, 0),
	('CIV', 882, 'Sessekro', NULL, NULL, 0),
	('CIV', 883, 'Foto-Kouamékro', NULL, NULL, 0),
	('CIV', 884, 'Bounda', NULL, NULL, 0),
	('CIV', 885, 'Brobo', NULL, NULL, 0),
	('CIV', 886, 'Saminikro', NULL, NULL, 0),
	('CIV', 887, 'Manmini', NULL, NULL, 0),
	('CIV', 888, 'Bamoro', NULL, NULL, 0),
	('CIV', 889, 'N’dènou', NULL, NULL, 0),
	('CIV', 890, 'Sakassou', NULL, NULL, 0),
	('CIV', 891, 'Assandré', NULL, NULL, 0),
	('CIV', 892, 'Toumodi-Sakassou', NULL, NULL, 0),
	('CIV', 893, 'Ayaou-Sran', NULL, NULL, 0),
	('CIV', 894, 'Ando-Kékrénou', NULL, NULL, 0),
	('CIV', 895, 'Dibri-Assirikro', NULL, NULL, 0),
	('CIV', 896, 'Béoumi', NULL, NULL, 0),
	('CIV', 897, 'Linguebo', NULL, NULL, 0),
	('CIV', 898, 'Zédé-Dianhoun', NULL, NULL, 0),
	('CIV', 899, 'Diéviéssou', NULL, NULL, 0),
	('CIV', 900, 'Affotobo', NULL, NULL, 0),
	('CIV', 901, 'Koubébo-Dan', NULL, NULL, 0),
	('CIV', 902, 'Lolobo', NULL, NULL, 0),
	('CIV', 903, 'Kongobo', NULL, NULL, 0),
	('CIV', 904, 'Kondrobo', NULL, NULL, 0),
	('CIV', 905, 'Kogodjan', NULL, NULL, 0),
	('CIV', 906, 'Bodokro', NULL, NULL, 0),
	('CIV', 907, 'Bourébo', NULL, NULL, 0),
	('CIV', 908, 'Golikpangbanssou', NULL, NULL, 0),
	('CIV', 909, 'Allékro', NULL, NULL, 0),
	('CIV', 910, 'Delakro', NULL, NULL, 0),
	('CIV', 911, 'N’guessankro', NULL, NULL, 0),
	('CIV', 912, 'Messoukro', NULL, NULL, 0),
	('CIV', 913, 'Plibo', NULL, NULL, 0),
	('CIV', 914, 'Marabadiassa', NULL, NULL, 0),
	('CIV', 915, 'Botro', NULL, NULL, 0),
	('CIV', 916, 'Abolikro', NULL, NULL, 0),
	('CIV', 917, 'Languibonou', NULL, NULL, 0),
	('CIV', 918, 'Agbakro', NULL, NULL, 0),
	('CIV', 919, 'Saoundi', NULL, NULL, 0),
	('CIV', 920, 'Diabo', NULL, NULL, 0),
	('CIV', 921, 'Tikakro', NULL, NULL, 0),
	('CIV', 922, 'Takra-Adiékro', NULL, NULL, 0),
	('CIV', 923, 'Krofoinsou', NULL, NULL, 0),
	('CIV', 924, 'Katiola', NULL, NULL, 0),
	('CIV', 925, 'Lougbonou', NULL, NULL, 0),
	('CIV', 926, 'Timbé', NULL, NULL, 0),
	('CIV', 927, 'Nikolo', NULL, NULL, 0),
	('CIV', 928, 'Fronan', NULL, NULL, 0),
	('CIV', 929, 'Kanangonon', NULL, NULL, 0),
	('CIV', 930, 'Dabakala', NULL, NULL, 0),
	('CIV', 931, 'Satama-Sokoro', NULL, NULL, 0),
	('CIV', 932, 'Satama-Sokoura', NULL, NULL, 0),
	('CIV', 933, 'Diéméressedougou', NULL, NULL, 0),
	('CIV', 934, 'Kokoumba', NULL, NULL, 0),
	('CIV', 935, 'Bassawa', NULL, NULL, 0),
	('CIV', 936, 'Lissolo Sobara', NULL, NULL, 0),
	('CIV', 937, 'Kogbera', NULL, NULL, 0),
	('CIV', 938, 'Gbambélédougou', NULL, NULL, 0),
	('CIV', 939, 'Kpana-Kalo', NULL, NULL, 0),
	('CIV', 940, 'Yaossédougou', NULL, NULL, 0),
	('CIV', 941, 'Kawolo-Sobara', NULL, NULL, 0),
	('CIV', 942, 'Finessiguédougou', NULL, NULL, 0),
	('CIV', 943, 'Boniérédougou', NULL, NULL, 0),
	('CIV', 944, 'Bokala Niampondougou', NULL, NULL, 0),
	('CIV', 945, 'Sokala-Sobara', NULL, NULL, 0),
	('CIV', 946, 'Kafoudougou Bambarasso', NULL, NULL, 0),
	('CIV', 947, 'Tindéné-Bambarasso', NULL, NULL, 0),
	('CIV', 948, 'Niéméné', NULL, NULL, 0),
	('CIV', 949, 'Nadjélet-Segberé', NULL, NULL, 0),
	('CIV', 950, 'M’borla-Dioulasso', NULL, NULL, 0),
	('CIV', 951, 'Noholo Sobar', NULL, NULL, 0),
	('CIV', 952, 'Foumbolo', NULL, NULL, 0),
	('CIV', 953, 'Nassoulo', NULL, NULL, 0),
	('CIV', 954, 'Niankaramadougou', NULL, NULL, 0),
	('CIV', 955, 'Petionnara', NULL, NULL, 0),
	('CIV', 956, 'Ouréguékaha', NULL, NULL, 0),
	('CIV', 957, 'Latokaha', NULL, NULL, 0),
	('CIV', 958, 'Tortiya', NULL, NULL, 0),
	('CIV', 959, 'Ténindiéri', NULL, NULL, 0),
	('CIV', 960, 'Kanawolo', NULL, NULL, 0),
	('CIV', 961, 'Arikokaha', NULL, NULL, 0),
	('CIV', 962, 'Sépikaha', NULL, NULL, 0),
	('CIV', 963, 'Niédiékaha', NULL, NULL, 0),
	('CIV', 964, 'Tafiré', NULL, NULL, 0),
	('CIV', 965, 'Badikaha', NULL, NULL, 0),
	('CIV', 966, 'Pangalakaha', NULL, NULL, 0),
	('CIV', 967, ' Koun-fao', NULL, NULL, 0),
	('CIV', 968, 'N’guessan-Brindoukro', NULL, NULL, 0),
	('CIV', 969, 'Presso', NULL, NULL, 0),
	('CIV', 970, 'Tienkouakro', NULL, NULL, 0),
	('CIV', 971, 'Kokomian', NULL, NULL, 0),
	('CIV', 972, 'Takikro', NULL, NULL, 0),
	('CIV', 973, 'Koffi-Badoukro', NULL, NULL, 0),
	('CIV', 974, 'Akroidokikro', NULL, NULL, 0),
	('CIV', 975, 'Tankéssé', NULL, NULL, 0),
	('CIV', 976, 'N’dakro', NULL, NULL, 0),
	('CIV', 977, 'Ouangui', NULL, NULL, 0),
	('CIV', 978, 'Adoukro', NULL, NULL, 0),
	('CIV', 979, 'Assindi', NULL, NULL, 0),
	('CIV', 980, 'Yabrasso', NULL, NULL, 0),
	('CIV', 981, 'Boahia', NULL, NULL, 0),
	('CIV', 982, 'Dokanou', NULL, NULL, 0),
	('CIV', 983, 'Koto Ganda', NULL, NULL, 0),
	('CIV', 984, 'Missoumihian', NULL, NULL, 0),
	('CIV', 985, 'Kotronou', NULL, NULL, 0),
	('CIV', 986, 'Kouassi-Datékro', NULL, NULL, 0),
	('CIV', 987, 'Djoro-Djoro', NULL, NULL, 0),
	('CIV', 988, 'TRANSUA', NULL, NULL, 0),
	('CIV', 989, 'Kouassia Niaguiné', NULL, NULL, 0),
	('CIV', 990, 'Yao Nango', NULL, NULL, 0),
	('CIV', 991, 'Assuakro', NULL, NULL, 0),
	('CIV', 992, 'Pambasso-Diédou', NULL, NULL, 0),
	('CIV', 993, 'Priti 1', NULL, NULL, 0),
	('CIV', 994, 'Kouassi-Séranou', NULL, NULL, 0),
	('CIV', 995, 'Assuéfry', NULL, NULL, 0),
	('CIV', 996, 'Dadiassé', NULL, NULL, 0),
	('CIV', 997, 'Tanda', NULL, NULL, 0),
	('CIV', 998, 'Iguéla', NULL, NULL, 0),
	('CIV', 999, 'Pala', NULL, NULL, 0),
	('CIV', 1000, 'Bouko', NULL, NULL, 0),
	('CIV', 1001, 'Diamba', NULL, NULL, 0),
	('CIV', 1002, 'Tchiédio', NULL, NULL, 0),
	('CIV', 1003, 'Guiendé', NULL, NULL, 0),
	('CIV', 1004, 'Lomo', NULL, NULL, 0),
	('CIV', 1005, 'Amanvi', NULL, NULL, 0),
	('CIV', 1006, 'Sandégué', NULL, NULL, 0),
	('CIV', 1007, 'Namassi', NULL, NULL, 0),
	('CIV', 1008, 'Bandakagni-Tomora', NULL, NULL, 0),
	('CIV', 1009, 'Dimandougou', NULL, NULL, 0),
	('CIV', 1010, 'Kondorodougou', NULL, NULL, 0),
	('CIV', 1011, 'Yorobodi', NULL, NULL, 0),
	('CIV', 1012, 'Bandakani-Sokoura', NULL, NULL, 0),
	('CIV', 1013, 'Moussadougou', NULL, NULL, 0),
	('CIV', 1014, 'Bondoukou', NULL, NULL, 0),
	('CIV', 1015, 'Appimadoum', NULL, NULL, 0),
	('CIV', 1016, 'Gouméré', NULL, NULL, 0),
	('CIV', 1017, 'Pinda-Boroko', NULL, NULL, 0),
	('CIV', 1018, 'Hérébo', NULL, NULL, 0),
	('CIV', 1019, 'Koboko-Nassan', NULL, NULL, 0),
	('CIV', 1020, 'Soko', NULL, NULL, 0),
	('CIV', 1021, 'Tabagne', NULL, NULL, 0),
	('CIV', 1022, 'Sapia', NULL, NULL, 0),
	('CIV', 1023, 'Kanguelé', NULL, NULL, 0),
	('CIV', 1024, 'Kouassi-N’daw', NULL, NULL, 0),
	('CIV', 1025, 'Dingbi', NULL, NULL, 0),
	('CIV', 1026, 'Dinaoudi', NULL, NULL, 0),
	('CIV', 1027, 'Taoudi', NULL, NULL, 0),
	('CIV', 1028, 'Wakiala', NULL, NULL, 0),
	('CIV', 1029, 'Sapli-Sépingo', NULL, NULL, 0),
	('CIV', 1030, 'Sorobango', NULL, NULL, 0),
	('CIV', 1031, 'Kouafo-Akidom', NULL, NULL, 0),
	('CIV', 1032, 'Yézimala', NULL, NULL, 0),
	('CIV', 1033, 'Bondo', NULL, NULL, 0),
	('CIV', 1034, 'Kpana', NULL, NULL, 0),
	('CIV', 1035, 'Torossanguéhi', NULL, NULL, 0),
	('CIV', 1036, 'Laoudi-Ba', NULL, NULL, 0),
	('CIV', 1037, 'Tambi', NULL, NULL, 0),
	('CIV', 1038, 'Yérékaye', NULL, NULL, 0),
	('CIV', 1039, 'Kamala', NULL, NULL, 0),
	('CIV', 1040, 'Flatchèdougou', NULL, NULL, 0),
	('CIV', 1041, 'Tchefrodouo', NULL, NULL, 0),
	('CIV', 1042, 'Bandole', NULL, NULL, 0),
	('CIV', 1043, 'Tagadi', NULL, NULL, 0),
	('CIV', 1044, 'Nassian', NULL, NULL, 0),
	('CIV', 1045, 'Sominassé', NULL, NULL, 0),
	('CIV', 1046, 'Talahini', NULL, NULL, 0),
	('CIV', 1047, 'Parhadi', NULL, NULL, 0),
	('CIV', 1048, 'Toungbo-Yaga', NULL, NULL, 0),
	('CIV', 1049, 'Lambira', NULL, NULL, 0),
	('CIV', 1050, 'Kotouba', NULL, NULL, 0),
	('CIV', 1051, 'Bogofa', NULL, NULL, 0),
	('CIV', 1052, 'Kakpin', NULL, NULL, 0),
	('CIV', 1053, 'Banvayo', NULL, NULL, 0),
	('CIV', 1054, 'Bouna', NULL, NULL, 0),
	('CIV', 1055, 'Youndouo', NULL, NULL, 0),
	('CIV', 1056, 'Piaye', NULL, NULL, 0),
	('CIV', 1057, 'Kokpingue', NULL, NULL, 0),
	('CIV', 1058, 'Ondéfidouo', NULL, NULL, 0),
	('CIV', 1059, 'Vargbo', NULL, NULL, 0),
	('CIV', 1060, 'Bouko', NULL, NULL, 0),
	('CIV', 1061, 'Doropo', NULL, NULL, 0),
	('CIV', 1062, 'Kounzié', NULL, NULL, 0),
	('CIV', 1063, 'Angayé', NULL, NULL, 0),
	('CIV', 1064, 'Niamoué', NULL, NULL, 0),
	('CIV', 1065, 'Varalé', NULL, NULL, 0),
	('CIV', 1066, 'Danoa', NULL, NULL, 0),
	('CIV', 1067, 'Kalamon', NULL, NULL, 0),
	('CIV', 1068, 'Téhini', NULL, NULL, 0),
	('CIV', 1069, 'Gogo', NULL, NULL, 0),
	('CIV', 1070, 'Bavé', NULL, NULL, 0),
	('CIV', 1071, 'Tougbo', NULL, NULL, 0),
	('CIV', 1072, 'Odiénné', NULL, NULL, 0),
	('CIV', 1073, 'Férémandougou', NULL, NULL, 0),
	('CIV', 1074, 'Dioulatiédougou', NULL, NULL, 0),
	('CIV', 1075, 'Sokorodougou', NULL, NULL, 0),
	('CIV', 1076, 'Bako', NULL, NULL, 0),
	('CIV', 1077, 'Nafana-Sienso', NULL, NULL, 0),
	('CIV', 1078, 'Kahanso', NULL, NULL, 0),
	('CIV', 1079, 'Bougousso', NULL, NULL, 0),
	('CIV', 1080, 'Sirana', NULL, NULL, 0),
	('CIV', 1081, 'Seydougou', NULL, NULL, 0),
	('CIV', 1082, 'Gbéléban', NULL, NULL, 0),
	('CIV', 1083, 'Niamana', NULL, NULL, 0),
	('CIV', 1084, 'Tiémé', NULL, NULL, 0),
	('CIV', 1085, 'Samango', NULL, NULL, 0),
	('CIV', 1086, 'Kimbirila Sud', NULL, NULL, 0),
	('CIV', 1087, 'Dabadougou-Mafélé', NULL, NULL, 0),
	('CIV', 1088, 'Samatiguila', NULL, NULL, 0),
	('CIV', 1089, ' Madinani', NULL, NULL, 0),
	('CIV', 1090, 'Gbongaha', NULL, NULL, 0),
	('CIV', 1091, 'Karabiri', NULL, NULL, 0),
	('CIV', 1092, 'Séguélon', NULL, NULL, 0),
	('CIV', 1093, 'Lingoho', NULL, NULL, 0),
	('CIV', 1094, 'Kokoun', NULL, NULL, 0),
	('CIV', 1095, 'Siansoba', NULL, NULL, 0),
	('CIV', 1096, 'N’goloblasso', NULL, NULL, 0),
	('CIV', 1097, 'Koroumba', NULL, NULL, 0),
	('CIV', 1098, 'Fengolo', NULL, NULL, 0),
	('CIV', 1099, 'Minignan', NULL, NULL, 0),
	('CIV', 1100, 'Gouenzou', NULL, NULL, 0),
	('CIV', 1101, 'Sokoro', NULL, NULL, 0),
	('CIV', 1102, 'Tienko', NULL, NULL, 0),
	('CIV', 1103, 'Kouban', NULL, NULL, 0),
	('CIV', 1104, 'Kimbirila-Nord', NULL, NULL, 0),
	('CIV', 1105, 'Kaniasso', NULL, NULL, 0),
	('CIV', 1106, 'Goulia', NULL, NULL, 0),
	('CIV', 1107, 'Gouéya', NULL, NULL, 0),
	('CIV', 1108, 'Ouélli', NULL, NULL, 0),
	('CIV', 1109, 'Mahandiana-Sokourani', NULL, NULL, 0),
	('CIV', 1110, ' Boundiali', NULL, NULL, 0),
	('CIV', 1111, 'Sissédougou', NULL, NULL, 0),
	('CIV', 1112, 'Niempurgué', NULL, NULL, 0),
	('CIV', 1113, 'Kébi', NULL, NULL, 0),
	('CIV', 1114, 'Ganaoni', NULL, NULL, 0),
	('CIV', 1115, 'Fonondara', NULL, NULL, 0),
	('CIV', 1116, 'Pononkaha', NULL, NULL, 0),
	('CIV', 1117, 'Siempurgo', NULL, NULL, 0),
	('CIV', 1118, 'Nonkparakaha', NULL, NULL, 0),
	('CIV', 1119, 'Lafi', NULL, NULL, 0),
	('CIV', 1120, 'Landiougou', NULL, NULL, 0),
	('CIV', 1121, 'Kasséré', NULL, NULL, 0),
	('CIV', 1122, 'Baya', NULL, NULL, 0),
	('CIV', 1123, 'Yélé', NULL, NULL, 0),
	('CIV', 1124, 'Kouto', NULL, NULL, 0),
	('CIV', 1125, 'Dabakaha', NULL, NULL, 0),
	('CIV', 1126, 'Kolia', NULL, NULL, 0),
	('CIV', 1127, 'Monongo', NULL, NULL, 0),
	('CIV', 1128, 'Gbon', NULL, NULL, 0),
	('CIV', 1129, 'Tinasso', NULL, NULL, 0),
	('CIV', 1130, 'Tounvré', NULL, NULL, 0),
	('CIV', 1131, 'N’déou', NULL, NULL, 0),
	('CIV', 1132, 'Tindara', NULL, NULL, 0),
	('CIV', 1133, 'Mougnini', NULL, NULL, 0),
	('CIV', 1134, 'Sianhala', NULL, NULL, 0),
	('CIV', 1135, 'Zaguinasso', NULL, NULL, 0),
	('CIV', 1136, 'Wora', NULL, NULL, 0),
	('CIV', 1137, 'Tiogo', NULL, NULL, 0),
	('CIV', 1138, 'Mahalé', NULL, NULL, 0),
	('CIV', 1139, 'Blésségué', NULL, NULL, 0),
	('CIV', 1140, 'Tengréla', NULL, NULL, 0),
	('CIV', 1141, 'Bolona', NULL, NULL, 0),
	('CIV', 1142, 'Néguépié', NULL, NULL, 0),
	('CIV', 1143, 'San', NULL, NULL, 0),
	('CIV', 1144, 'Kanakono', NULL, NULL, 0),
	('CIV', 1145, 'Diamankani', NULL, NULL, 0),
	('CIV', 1146, 'Zanasso', NULL, NULL, 0),
	('CIV', 1147, 'Papara', NULL, NULL, 0),
	('CIV', 1148, 'Débété', NULL, NULL, 0),
	('CIV', 1149, 'Dikodougou', NULL, NULL, 0),
	('CIV', 1150, 'Ouattaradougou', NULL, NULL, 0),
	('CIV', 1151, 'Boron', NULL, NULL, 0),
	('CIV', 1152, 'Pleuro', NULL, NULL, 0),
	('CIV', 1153, 'Kadioha', NULL, NULL, 0),
	('CIV', 1154, 'Nogotaha', NULL, NULL, 0),
	('CIV', 1155, 'Guiembé', NULL, NULL, 0),
	('CIV', 1156, 'Kalaha', NULL, NULL, 0),
	('CIV', 1157, 'Korhogo', NULL, NULL, 0),
	('CIV', 1158, 'Kanoroba', NULL, NULL, 0),
	('CIV', 1159, 'Talléré', NULL, NULL, 0),
	('CIV', 1160, 'Dagba', NULL, NULL, 0),
	('CIV', 1161, 'Sirasso', NULL, NULL, 0),
	('CIV', 1162, 'Nafoun', NULL, NULL, 0),
	('CIV', 1163, 'Odia', NULL, NULL, 0),
	('CIV', 1164, 'Kombolokoura', NULL, NULL, 0),
	('CIV', 1165, 'Seguétiélé', NULL, NULL, 0),
	('CIV', 1166, 'Niofoin', NULL, NULL, 0),
	('CIV', 1167, 'Tangafla', NULL, NULL, 0),
	('CIV', 1168, 'M’bengué-Bougou', NULL, NULL, 0),
	('CIV', 1169, 'Fapaha', NULL, NULL, 0),
	('CIV', 1170, 'Karafigué', NULL, NULL, 0),
	('CIV', 1171, 'Sohouo', NULL, NULL, 0),
	('CIV', 1172, 'Koni', NULL, NULL, 0),
	('CIV', 1173, 'Lataha', NULL, NULL, 0),
	('CIV', 1174, 'Bodonon', NULL, NULL, 0),
	('CIV', 1175, 'Taouara', NULL, NULL, 0),
	('CIV', 1176, 'Fononvogo', NULL, NULL, 0),
	('CIV', 1177, 'Nazinékaha', NULL, NULL, 0),
	('CIV', 1178, 'Fapaha', NULL, NULL, 0),
	('CIV', 1179, 'Nangounkaha', NULL, NULL, 0),
	('CIV', 1180, 'Latiénékaha', NULL, NULL, 0),
	('CIV', 1181, 'Karakoro', NULL, NULL, 0),
	('CIV', 1182, 'Nakaha', NULL, NULL, 0),
	('CIV', 1183, 'Komborodougou', NULL, NULL, 0),
	('CIV', 1184, 'Napié', NULL, NULL, 0),
	('CIV', 1185, 'Lamékaha', NULL, NULL, 0),
	('CIV', 1186, 'Koko-Kiénou', NULL, NULL, 0),
	('CIV', 1187, 'Siolokaha', NULL, NULL, 0),
	('CIV', 1188, 'Tioroniaradougou', NULL, NULL, 0),
	('CIV', 1189, 'Dassoungboho', NULL, NULL, 0),
	('CIV', 1190, 'Katiali', NULL, NULL, 0),
	('CIV', 1191, 'N’ganon', NULL, NULL, 0),
	('CIV', 1192, 'Niofoin', NULL, NULL, 0),
	('CIV', 1193, 'Pitiengomon', NULL, NULL, 0),
	('CIV', 1194, 'Poungbé', NULL, NULL, 0),
	('CIV', 1195, 'Kaloa', NULL, NULL, 0),
	('CIV', 1196, 'M’bengué', NULL, NULL, 0),
	('CIV', 1197, 'Katogo', NULL, NULL, 0),
	('CIV', 1198, 'Bougou', NULL, NULL, 0),
	('CIV', 1199, 'Sinématiali', NULL, NULL, 0),
	('CIV', 1200, 'Kagbolodougou', NULL, NULL, 0),
	('CIV', 1201, 'Dohiriguekaha', NULL, NULL, 0),
	('CIV', 1202, 'Peguékaha', NULL, NULL, 0),
	('CIV', 1203, 'Sédiogo', NULL, NULL, 0),
	('CIV', 1204, 'Fodiolokaha', NULL, NULL, 0),
	('CIV', 1205, 'Nakouroubelekaha', NULL, NULL, 0),
	('CIV', 1206, 'Tiongofolokaha', NULL, NULL, 0),
	('CIV', 1207, 'Ferkessédougou', NULL, NULL, 0),
	('CIV', 1208, 'Bilimono', NULL, NULL, 0),
	('CIV', 1209, 'Kong', NULL, NULL, 0),
	('CIV', 1210, 'Nafana', NULL, NULL, 0),
	('CIV', 1211, 'Sikolo', NULL, NULL, 0),
	('CIV', 1212, 'Lamékaha', NULL, NULL, 0),
	('CIV', 1213, 'Togoniéré', NULL, NULL, 0),
	('CIV', 1214, 'Kafolo Bac', NULL, NULL, 0),
	('CIV', 1215, 'Koumbala', NULL, NULL, 0),
	('CIV', 1216, 'Lafokpokaha', NULL, NULL, 0),
	('CIV', 1217, 'Tiékpé', NULL, NULL, 0),
	('CIV', 1218, 'Momirasso', NULL, NULL, 0),
	('CIV', 1219, 'Sépénédjokaha', NULL, NULL, 0),
	('CIV', 1220, 'Ouangolodougou', NULL, NULL, 0),
	('CIV', 1221, 'Korokara', NULL, NULL, 0),
	('CIV', 1222, 'Nambingué', NULL, NULL, 0),
	('CIV', 1223, 'Kaouara', NULL, NULL, 0),
	('CIV', 1224, 'Diawala', NULL, NULL, 0),
	('CIV', 1225, 'Niellé', NULL, NULL, 0),
	('CIV', 1226, 'Nafoungolo', NULL, NULL, 0),
	('CIV', 1227, 'Ouamelhoro', NULL, NULL, 0),
	('CIV', 1228, 'Toumoukoro', NULL, NULL, 0),
	('CIV', 1229, 'Pogo', NULL, NULL, 0),
	('CIV', 1230, 'Toumodi', NULL, NULL, 0),
	('CIV', 1231, 'Kpouébo', NULL, NULL, 0),
	('CIV', 1232, 'Moronou', NULL, NULL, 0),
	('CIV', 1233, 'Dida-Kouadiokro', NULL, NULL, 0),
	('CIV', 1234, 'Bonikro', NULL, NULL, 0),
	('CIV', 1235, 'Bériaboukro', NULL, NULL, 0),
	('CIV', 1236, 'Djékanou', NULL, NULL, 0),
	('CIV', 1237, 'Loukou-Yaokro', NULL, NULL, 0),
	('CIV', 1238, 'Kplessou', NULL, NULL, 0),
	('CIV', 1239, 'Kokumbo', NULL, NULL, 0),
	('CIV', 1240, 'N’doukahakro', NULL, NULL, 0),
	('CIV', 1241, 'Angonda', NULL, NULL, 0),
	('CIV', 1242, 'Konan Kokorékro', NULL, NULL, 0),
	('CIV', 1243, 'AUTRE VILLE', NULL, NULL, 0);
/*!40000 ALTER TABLE `villes` ENABLE KEYS */;

/*!40101 SET SQL_MODE=IFNULL(@OLD_SQL_MODE, '') */;
/*!40014 SET FOREIGN_KEY_CHECKS=IF(@OLD_FOREIGN_KEY_CHECKS IS NULL, 1, @OLD_FOREIGN_KEY_CHECKS) */;
/*!40101 SET CHARACTER_SET_CLIENT=@OLD_CHARACTER_SET_CLIENT */;
